EAR,MAR,Tilt,Label
0.31835471056337594,0.06001867820491291,93.97249594075066,awake_images
0.1877040828408533,0.10024476187834032,81.57303097851933,awake_images
0.2809761438491562,0.033167906340332974,92.93567344642118,awake_images
0.3000256471336356,0.15384615384615385,83.8844964337146,awake_images
0.27650659338635664,0.15720149129273717,84.66784111834045,awake_images
0.4248896407935725,0.24503395650918652,102.52880770915151,awake_images
0.43196347360722276,0.1942907108989527,106.38954033403479,awake_images
0.38997076627512806,0.17200522903844537,107.7004277886672,awake_images
0.3141215283072355,0.0,90.0,awake_images
0.2725597879935092,0.03676073110469039,86.93351449887412,awake_images
0.3102569092896955,0.06546455666970054,88.02506598911803,awake_images
0.31389932205293736,0.21618678420226528,85.55261514990951,awake_images
0.38562583509149717,0.0814628457211498,87.04922089099365,awake_images
0.31389932205293736,0.3148148148148148,85.96228937902288,awake_images
0.23169933859301303,0.13416407864998736,82.72499504211075,awake_images
0.2685914789359427,0.058823529411764705,90.0,awake_images
0.28028473458920844,0.07124704998790965,88.69804732742112,awake_images
0.22152426715029072,0.0,94.96974072811031,awake_images
0.30371239271222583,0.051502620262460476,81.86989764584403,awake_images
0.273299240479018,0.02599376224550182,95.82634202955579,awake_images
0.35348814966121284,0.031189143077590267,92.5448043798131,awake_images
0.23366779767098628,0.0,88.87669728592458,awake_images
0.22877065273268668,0.0,95.71059313749964,awake_images
0.44563065203045704,0.0,90.0,awake_images
0.3459094346888191,0.0,93.57633437499736,awake_images
0.31635379278474884,0.07486158461265358,94.57392125990086,awake_images
0.4054588600086734,0.14505545760031538,88.71267105847497,awake_images
0.31104017468822215,0.0,93.99091309842979,awake_images
0.3352345631082756,0.01665741511631924,88.11181199325907,awake_images
0.2651680526153206,0.0,90.0,awake_images
0.3410841185109984,0.0,86.49646835521554,awake_images
0.3417412472118426,0.0,80.7273982227997,awake_images
0.5330992207259353,0.7602631123499285,88.63607246839707,awake_images
0.42567660268731783,0.10302042296151677,96.20344790169185,awake_images
0.4446084514502303,0.4446486458999438,93.9004937423819,awake_images
0.44900743804199783,0.0625,90.0,awake_images
0.3564808172579908,0.26610007244439693,88.78112476486871,awake_images
0.36881673320964536,0.16666666666666666,96.9810574068298,awake_images
0.40014143661438084,0.6194170714702628,87.39743779750019,awake_images
0.3099351273505259,0.13010979365773964,79.15969454566944,awake_images
0.40505185973754587,0.6944378899283622,92.43664824681014,awake_images
0.3306629118780444,0.0747180339827495,95.59933933652057,awake_images
0.41937655177742716,0.06726727939963124,96.20344790169185,awake_images
0.40769214364310286,0.1767766952966369,102.38075692880719,awake_images
0.37613399857238305,0.21213203435596426,86.34777721969367,awake_images
0.23446626066405502,0.0,90.0,awake_images
0.35232512187927245,0.25579563072029926,93.99091309842979,awake_images
0.27094337424448584,0.0,83.79655209830817,awake_images
0.361542658697695,0.13303802104754786,93.99091309842979,awake_images
0.2596871046063449,0.029411764705882353,90.0,awake_images
0.47238493501164963,0.3747658444979307,84.68545433005525,awake_images
0.317731926461741,0.03268602252303067,96.7889745744388,awake_images
0.31203048794260746,0.07319159941516883,101.04094018032374,awake_images
0.3580486777691303,0.02523772325625344,84.8055710922652,awake_images
0.3364348191389359,0.06998181280810084,92.12109639666146,awake_images
0.35582844368232647,0.06998181280810084,92.93567344642118,awake_images
0.31635379278474884,0.075,94.96974072811031,awake_images
0.2548764665317075,0.1559625734730109,90.0,awake_images
0.29854388797877573,0.11748738691712715,90.0,awake_images
0.30331252003570786,0.23529411764705882,90.0,awake_images
0.2945173307931408,0.16641005886756874,87.51044707800085,awake_images
0.32055348458720245,0.1386750490563073,87.39743779750019,awake_images
0.37060905628790886,0.40767540416115705,91.36392753160293,awake_images
0.31360810960787056,0.3067233195933498,91.33221985386963,awake_images
0.39801487608399566,0.2576941016011038,91.30195267257888,awake_images
0.3593908891458577,0.1995570315713218,91.2188752351313,awake_images
0.33530768041531106,0.14120226591665966,96.48307369289724,awake_images
0.275,0.10606601717798213,88.75463573323165,awake_images
0.35885785699936856,0.28937365628272577,93.43363036245051,awake_images
0.3032923862066933,0.03304093002275449,86.42366562500266,awake_images
0.3629061226915836,0.13803940759355818,93.50353164478446,awake_images
0.3366442219137,0.0,87.91743472026913,awake_images
0.3987236610946595,0.06651901052377393,85.91438322002513,awake_images
0.27363522730774703,0.04993761694389223,92.72631099390628,awake_images
0.31273439046590784,0.05521576303742327,95.82634202955579,awake_images
0.38769474589917874,0.1752618713510958,97.27500495788927,awake_images
0.3511595533746946,0.031008683647302117,94.96974072811031,awake_images
0.3181818181818182,0.0,91.10170611520638,awake_images
0.3441334850089588,0.061440117465399104,81.08507304285214,awake_images
0.32296907626824856,0.05018856132284956,77.59258147259925,awake_images
0.25925031912125496,0.02676438637860946,78.05582281155367,awake_images
0.3246238082651441,0.02982749931359468,79.59228868750995,awake_images
0.23289800528651844,0.0,81.08507304285214,awake_images
0.37384773133940974,0.041522739926869986,85.23635830927383,awake_images
0.3442449407383551,0.03834824944236852,83.99099404250548,awake_images
0.34416598489223166,0.11242975334937921,86.9059419410829,awake_images
0.2778444824474753,0.029411764705882353,91.33221985386963,awake_images
0.19950371902099892,0.06695823683889826,86.18592516570965,awake_images
0.21748152362759898,0.029361010975735173,94.08561677997488,awake_images
0.27216725542741416,0.0,94.76364169072617,awake_images
0.262891942167862,0.0,87.4551956201869,awake_images
0.2776720349829419,0.05198752449100364,80.53767779197439,awake_images
0.21748152362759898,0.14617633655117154,79.2157021324374,awake_images
0.248948563921842,0.07775658318746922,81.15818543980832,awake_images
0.2626954525634263,0.3434014098717226,79.91940201245768,awake_images
0.39896250430836455,0.39801487608399566,87.27368900609373,awake_images
0.4128497589030705,0.19324698792024925,92.5448043798131,awake_images
0.43682148299454615,0.1308102949304956,93.9004937423819,awake_images
0.4462678125181665,0.0,83.51692630710276,awake_images
0.41631418488208616,0.03268602252303067,85.23635830927383,awake_images
0.3736269312266468,0.06142951168339512,82.72499504211075,awake_images
0.21043152607484655,0.35623524993954825,91.46880071438582,awake_images
0.214105521726229,0.1133757600758591,74.87599269168945,awake_images
0.3245034844835468,0.07179581586177382,100.30484646876603,awake_images
0.3876996150754259,0.07669649888473704,90.0,awake_images
0.3526520770549899,0.12285902336679023,93.43363036245051,awake_images
0.4202686277843176,0.13333333333333333,92.66300076606714,awake_images
0.30911453062158156,0.058520573598065284,99.46232220802563,awake_images
0.2844227065298046,0.0292103118918493,90.0,awake_images
0.20096727211736506,0.029411764705882353,88.80651057601797,awake_images
0.3152355707350244,0.12373686681784413,92.48955292199916,awake_images
0.31946109803079303,0.0935674292327708,90.0,awake_images
0.3650983977494778,0.058823529411764705,92.33730585912382,awake_images
0.329565590203297,0.23256383753421428,82.5685920288275,awake_images
0.3983932459627805,0.23281653683320877,90.0,awake_images
0.3837274521977815,0.06237828615518053,90.0,awake_images
0.5239577031091565,0.3747658444979307,83.79655209830817,awake_images
0.3526731103309481,0.031189143077590267,85.13548556223948,awake_images
0.3718668213327919,0.062017367294604234,83.01894259317021,awake_images
0.42595317273458644,0.3304093002275449,95.71059313749964,awake_images
0.4549722846353399,0.06237828615518053,82.72499504211075,awake_images
0.3949945604364412,0.029411764705882353,91.16913932790742,awake_images
0.35948937330044994,0.17362618685251052,83.51692630710276,awake_images
0.3736269312266468,0.09513029883089882,82.40535663140857,awake_images
0.3246877521022713,0.05965499862718936,84.05313694602651,awake_images
0.3536394914183628,0.06216916216769172,83.01894259317021,awake_images
0.2874288961587107,0.06344412387374015,86.63353933657021,awake_images
0.31675478486820163,0.041522739926869986,87.51044707800085,awake_images
0.28409090909090906,0.04714045207910317,81.2538377374448,awake_images
0.23603511324324938,0.11043152607484653,74.21924669048461,awake_images
0.2797936491288109,0.1871121078899952,72.97947438848014,awake_images
0.26670531850127255,0.06344412387374015,84.17365797044422,awake_images
0.3051238904333923,0.07432941462471665,85.51539399045538,awake_images
0.2998400992362088,0.06362011345973298,73.07248693585295,awake_images
0.2987097417553614,0.0627544933501922,78.46537934635528,awake_images
0.31136363636363634,0.0,86.56636963754949,awake_images
0.3831412970223759,0.0,87.70938995736148,awake_images
0.29925557853149837,0.1095993248702382,94.57392125990086,awake_images
0.30219387518208907,0.08823529411764706,90.0,awake_images
0.3621429841700741,0.11752512368056713,88.8542371618249,awake_images
0.2800767512132165,0.08333333333333333,87.61405596961119,awake_images
0.2680977080331933,0.09639902924407447,87.70938995736148,awake_images
0.27972575571535246,0.06001025885345424,95.12819104185284,awake_images
0.29450708030358086,0.031189143077590267,86.26860300083955,awake_images
0.31568266104423615,0.06063390625908324,81.34745820888527,awake_images
0.28450237794969985,0.0,85.60129464500447,awake_images
0.3080880229039762,0.0447213595499958,78.92979742206063,awake_images
0.3980019499036932,0.06537204504606134,86.42366562500266,awake_images
0.399773331220572,0.031008683647302117,88.80651057601797,awake_images
0.41342288197827237,0.06537204504606134,80.53767779197439,awake_images
0.32171008490317726,0.0,77.7352262721076,awake_images
0.2663990844770665,0.038348249442368525,85.23635830927383,awake_images
0.35115296923529515,0.06911873322463921,79.91940201245768,awake_images
0.33515997681676024,0.07775658318746922,79.46081627137177,awake_images
0.33612010145433124,0.12126781251816648,80.13419305691563,awake_images
0.19078603026815266,0.24806946917841693,80.90972307917768,awake_images
0.17362779172889758,0.20761369963434992,83.01894259317021,awake_images
0.16615697788946823,0.20815272356090667,86.34777721969367,awake_images
0.21061483013211002,0.1956521739130435,90.0,awake_images
0.24847093366840473,0.22896799591699732,88.87669728592458,awake_images
0.32308153613666013,0.2508465434731549,85.13548556223948,awake_images
0.2736209437302183,0.34668762264076824,83.6598082540901,awake_images
0.3910619661054043,0.08935405276890164,85.68397248013439,awake_images
0.33816525180917556,0.07283570407292297,80.53767779197439,awake_images
0.3621327020598115,0.07283570407292297,81.02737338510362,awake_images
0.4222222222222222,0.09987523388778446,90.0,awake_images
0.4223384327216565,0.10300524052492095,81.17962044797895,awake_images
0.36443364377597315,0.10537612944674757,83.94580810588516,awake_images
0.2879539567698445,0.14708710135363803,80.09581678702612,awake_images
0.3247805496750857,0.17707591868692504,83.08877288097531,awake_images
0.41987049019169087,0.34615384615384615,91.12330271407544,awake_images
0.4463312570228426,0.24936467495768377,90.0,awake_images
0.44610133405898067,0.5403575674746836,97.1250163489018,awake_images
0.3829918670762906,0.276432802575278,94.31602751986563,awake_images
0.3592774838979226,0.11585688927269845,94.23639479905884,awake_images
0.38622874787311184,0.051502620262460476,96.3401917459099,awake_images
0.3081001127604931,0.0,78.23171106797936,awake_images
0.3138359080413885,0.06324555320336758,79.38034472384487,awake_images
0.32044096972707525,0.0831890330807703,71.20011484134736,awake_images
0.34644470676367883,0.13074409009212268,82.8749836510982,awake_images
0.3339918930834539,0.03031695312954162,78.92979742206063,awake_images
0.3412861598513157,0.10233345472033856,79.38034472384487,awake_images
0.3379061226915836,0.028964222318174613,96.9810574068298,awake_images
0.2890960052704711,0.029361010975735173,91.2188752351313,awake_images
0.34596839483112063,0.029361010975735173,92.43664824681014,awake_images
0.32300785827733636,0.052558833122763673,87.75425743410493,awake_images
0.312110537831752,0.05555555555555555,87.70938995736148,awake_images
0.2942411746381852,0.0,90.0,awake_images
0.3875265085103782,0.05547001962252291,76.26373169437744,awake_images
0.27216725542741416,0.05555555555555555,88.83086067209258,awake_images
0.3997371409910542,0.05270462766947299,73.73979529168804,awake_images
0.25954516715133863,0.22582094138490327,84.8055710922652,awake_images
0.31228918028381325,0.2355407651655962,83.3455749539934,awake_images
0.32254367205618917,0.1970142500145332,86.93351449887412,awake_images
0.30874601663827117,0.02370227315699886,83.6598082540901,awake_images
0.3621429841700741,0.04740454631399772,93.23970029610213,awake_images
0.34034897598295966,0.06005580699176432,80.53767779197439,awake_images
0.3746890003843245,0.1803100116717986,74.8459319496874,awake_images
0.29076302970561596,0.05741621440754032,68.62937773065681,awake_images
0.33695197311961395,0.04719291781830087,73.90918365114783,awake_images
0.31013649350898287,0.20359463942371506,103.53585636913425,awake_images
0.28341965718148576,0.1664780229540729,88.02506598911803,awake_images
0.2440304012860717,0.1436739427831727,103.29857033049429,awake_images
0.3312945782245396,0.031189143077590267,86.34777721969367,awake_images
0.4153074965941375,0.1111111111111111,88.8542371618249,awake_images
0.35437698159092035,0.11704114719613057,75.96375653207353,awake_images
0.3501978433639921,0.035623524993954825,86.09950625761812,awake_images
0.28196168887821293,0.0,80.53767779197439,awake_images
0.30969338068196933,0.05965499862718936,77.47119229084849,awake_images
0.4031128874149275,0.10075854437197569,88.75463573323165,awake_images
0.375,0.0,90.0,awake_images
0.4373294133154324,0.03747658444979307,81.34745820888527,awake_images
0.3116549585999847,0.027735009811261455,83.79655209830817,awake_images
0.34727131228183206,0.06695823683889826,70.01689347810003,awake_images
0.3334451282262383,0.15184566199028643,67.55724663470565,awake_images
0.32543370069482014,0.18100680299064845,67.10944834375167,awake_images
0.2900083046579475,0.17989971735767768,70.42687416958981,awake_images
0.29825068808252153,0.037267799624996496,75.67728002179645,awake_images
0.314621978357382,0.05965499862718936,85.23635830927383,awake_images
0.31592224519816503,0.25335270359176765,90.0,awake_images
0.31159903042249204,0.17845765256206245,82.8749836510982,awake_images
0.4195749143024549,0.08823529411764706,91.27303002005671,awake_images
0.4013966546618116,0.06666666666666667,91.30195267257888,awake_images
0.3956547446834473,0.062017367294604234,94.96974072811031,awake_images
0.30014392617981683,0.1373842791982045,80.75388725443676,awake_images
0.3107484930278894,0.05263157894736842,90.0,awake_images
0.37528294221473035,0.03434014098717226,90.0,awake_images
0.268398363477362,0.027735009811261455,91.19348942398204,awake_images
0.26983781268875306,0.11043152607484653,91.19348942398204,awake_images
0.33079970774131984,0.0,86.63353933657021,awake_images
0.40033781616952696,0.44852347535206466,92.48955292199916,awake_images
0.3771362203948111,0.0,86.09950625761812,awake_images
0.5519053558256921,0.1638463841038081,73.17859010995917,awake_images
0.38286529504136635,0.0,90.0,awake_images
0.3627828018048507,0.057928444636349226,86.49646835521554,awake_images
0.3707853644440688,0.24806946917841693,90.0,awake_images
0.32644522619349237,0.056038525487062125,99.46232220802563,awake_images
0.3129123508198369,0.06565321642986127,101.82148834060726,awake_images
0.37704934270318935,0.123948563921842,98.47114463301483,awake_images
0.20913597143437757,0.02739983121755955,81.52885536698517,awake_images
0.32256384493758317,0.06237828615518053,87.51044707800085,awake_images
0.33304288120951553,0.0,98.84181456019168,awake_images
0.31249449707861693,0.07751572587204676,83.6598082540901,awake_images
0.2641328898774965,0.041344911529736156,93.01278750418334,awake_images
0.2636363636363636,0.045454545454545456,88.89829388479363,awake_images
0.43300265796188553,0.03125,93.73139699916045,awake_images
0.3516993909960825,0.29942473580817114,92.33730585912382,awake_images
0.3894556238151788,0.28379062147523115,93.50353164478446,awake_images
0.31366139167425133,0.04975185951049946,86.76029970389789,awake_images
0.21863684104465136,0.07634413615167958,78.69006752597979,awake_images
0.39300835981153226,0.03492151478847891,101.56013079421777,awake_images
0.26043152607484654,0.08296094408802011,90.0,awake_images
0.39543354661678426,0.29827937950065225,81.52885536698517,awake_images
0.3073493277109028,0.09513029883089881,85.33314162856101,awake_images
0.3508153532058853,0.0,97.66680426181418,awake_images
0.40156320580459687,0.09805806756909201,92.38594403038883,awake_images
0.2821868178941155,0.07851358838853206,91.24536426676835,awake_images
0.34437650471769166,0.08808303292720551,92.5448043798131,awake_images
0.38944765400136727,0.11764705882352941,100.88552705465874,awake_images
0.4100686061792025,0.0792504427591936,96.84277341263095,awake_images
0.3875297188163598,0.16127417724876889,88.87669728592458,awake_images
0.24328297716519087,0.23803617271322422,80.53767779197439,awake_images
0.2076903199824707,0.20672455764868078,83.418055344822,awake_images
0.2233317496230754,0.21213203435596426,80.7273982227997,awake_images
0.2900517650038268,0.02943724047047319,88.8542371618249,awake_images
0.24148323557415485,0.023570226039551584,84.05313694602651,awake_images
0.2663990844770665,0.043314808182421,85.51539399045538,awake_images
0.18640189912899258,0.1686468011455083,92.38594403038883,awake_images
0.24194886282802264,0.14269544824634822,92.43664824681014,awake_images
0.23389772565604522,0.19814119257819596,90.0,awake_images
0.1330851928438328,0.041522739926869986,91.16913932790742,awake_images
0.15000000000000002,0.052285598682794934,92.43664824681014,awake_images
0.17450371902099893,0.0651558364144604,87.51044707800085,awake_images
0.32079818871605215,0.0,87.39743779750019,awake_images
0.35923784354692856,0.03125,85.91438322002513,awake_images
0.30297712823390577,0.06142951168339512,83.21102542556122,awake_images
0.27329031312070684,0.026279416561381837,91.1457628381751,awake_images
0.3375,0.18093070201573147,92.66300076606714,awake_images
0.3081668391208904,0.029411764705882353,93.57633437499736,awake_images
0.40193454423473013,0.0,88.72696997994329,awake_images
0.3552030003717852,0.033259505261886965,91.30195267257888,awake_images
0.2939323071253995,0.0,92.5448043798131,awake_images
0.30346185061688685,0.16127417724876889,91.27303002005671,awake_images
0.3531472891122698,0.2222222222222222,92.48955292199916,awake_images
0.3156472891122698,0.19444444444444445,91.24536426676835,awake_images
0.26436155580216714,0.07751572587204676,87.61405596961119,awake_images
0.31239027483754284,0.07071067811865475,81.34745820888527,awake_images
0.23884798252629008,0.045407660918649985,88.78112476486871,awake_images
0.18678798456653242,0.043314808182421,85.42607874009914,awake_images
0.18640189912899258,0.045454545454545456,88.8542371618249,awake_images
0.2960397694452888,0.07417022646512231,82.05652818940959,awake_images
0.21310833050388356,0.10350855254471045,95.49232455712743,awake_images
0.2509322613448734,0.0,97.27500495788927,awake_images
0.254882072404051,0.0292103118918493,92.29061004263853,awake_images
0.22086305214969307,0.19780477203462574,91.2188752351313,awake_images
0.25866851565344084,0.23980823009322946,85.51539399045538,awake_images
0.39056057958262846,0.21697094110771556,87.66269414087618,awake_images
0.34875100147139715,0.07976786137435425,92.5448043798131,awake_images
0.3175284646653165,0.0,92.33730585912382,awake_images
0.3015871391528745,0.03268602252303067,95.9468630539735,awake_images
0.29925557853149837,0.07490642541583835,91.16913932790742,awake_images
0.3032923862066933,0.02487592975524973,93.50353164478446,awake_images
0.26043152607484654,0.052558833122763673,90.0,awake_images
0.3090909090909091,0.05547001962252291,88.95837332399003,awake_images
0.317731926461741,0.0,98.74616226255522,awake_images
0.331248040987139,0.028216632399155017,100.68491240000272,awake_images
0.27778499260094586,0.23059873260722635,86.76029970389789,awake_images
0.2261309528594388,0.19611613513818402,90.0,awake_images
0.3012524643589489,0.3245945101352995,88.83086067209258,awake_images
0.3550157814410584,0.0233890134862494,77.82854179141253,awake_images
0.3776495816246862,0.05968758888546071,83.29016319224307,awake_images
0.42326917571803013,0.17616606585441102,90.0,awake_images
0.2887321798526208,0.06344412387374015,85.33314162856101,awake_images
0.3241315082867481,0.047565149415449405,87.75425743410493,awake_images
0.2975683661041614,0.06035533905932737,87.66269414087618,awake_images
0.23040541845849366,0.0,90.0,awake_images
0.2495037190209989,0.0,88.75463573323165,awake_images
0.27675840022338094,0.0,86.34777721969367,awake_images
0.2940991621057098,0.11538461538461539,96.63251461513848,awake_images
0.33682935165074024,0.0,93.43363036245051,awake_images
0.3350754348636963,0.08666521618756785,92.43664824681014,awake_images
0.3333333333333333,0.14088952518736514,87.39743779750019,awake_images
0.31667047650321156,0.19219615962682976,92.48955292199916,awake_images
0.2764154013674632,0.0,87.66269414087618,awake_images
0.37413401007692204,0.0876309356755479,83.9275435927923,awake_images
0.3196614760631463,0.02631578947368421,93.57633437499736,awake_images
0.2970262461775899,0.043852900965351466,97.76516601842535,awake_images
0.25575708838130096,0.03071475584169756,94.96974072811031,awake_images
0.2851265089471962,0.03071475584169756,95.07960786001456,awake_images
0.2408423532061965,0.1851229586821916,93.9004937423819,awake_images
0.3550570810461177,0.05643326479831003,100.61965527615514,awake_images
0.5730115577652827,0.24909531065939494,82.23483398157467,awake_images
0.4803501069104277,0.2692307692307692,86.00908690157023,awake_images
0.48048861143232213,0.1156198604089172,81.34745820888527,awake_images
0.3420982142532505,0.1313548918227579,97.27500495788927,awake_images
0.3776495816246862,0.07051993113045067,97.27500495788927,awake_images
0.3763329646721291,0.13010979365773964,97.4314079711725,awake_images
0.28803940759355817,0.06665132199086314,86.34777721969367,awake_images
0.33981415059132414,0.027607881518711633,85.33314162856101,awake_images
0.2920963490977677,0.0292103118918493,85.13548556223948,awake_images
0.342246443354014,0.2660760420950957,91.30195267257888,awake_images
0.36815232055698555,0.33728926004813764,85.0302592718897,awake_images
0.28814446742038724,0.029361010975735173,84.8055710922652,awake_images
0.23216652670068333,0.0,92.43664824681014,awake_images
0.20750908642579347,0.03071475584169756,95.1944289077348,awake_images
0.26058153613666013,0.031008683647302117,92.5448043798131,awake_images
0.43292577202056615,0.09284766908852593,97.1250163489018,awake_images
0.24908606145023657,0.03304093002275449,93.81407483429037,awake_images
0.3378657588363472,0.3142936330963102,96.63251461513848,awake_images
0.3406472891122698,0.03125,87.4551956201869,awake_images
0.22993643402670322,0.0,93.73139699916045,awake_images
0.24841438336545713,0.0,94.57392125990086,awake_images
0.18000391871249677,0.0,95.71059313749964,awake_images
0.2552520592019973,0.026279416561381837,90.0,awake_images
0.21127782888424232,0.025,88.8542371618249,awake_images
0.4992856664336003,0.12403473458920847,91.24536426676835,awake_images
0.3661182150401256,0.08084520834544433,99.24611274556325,awake_images
0.3369451370137603,0.1414213562373095,86.00908690157023,awake_images
0.33581972150667694,0.40799768689583676,90.0,awake_images
0.3155946031059206,0.24514516892273006,90.0,awake_images
0.3700009669392906,0.0,100.17551084304321,awake_images
0.3599290550838321,0.06726727939963124,98.47114463301483,awake_images
0.23885620040225986,0.06063390625908324,100.30484646876603,awake_images
0.2979851244372145,0.14088952518736514,94.666858371439,awake_images
0.3352212523319843,0.2573251177328327,98.13010235415598,awake_images
0.3986978181453483,0.11112703059141617,101.82148834060726,awake_images
0.2793582249856642,0.12379689211803459,105.75117366345303,awake_images
0.3059563075518541,0.0625016199508355,98.13010235415598,awake_images
0.320670450755725,0.27937211830783126,102.0947570770121,awake_images
0.366573375631548,0.19624035133555684,97.27500495788927,awake_images
0.2577673485620759,0.19037490262714743,96.3401917459099,awake_images
0.40086887026533136,0.33084657994221345,93.09405805891711,awake_images
0.2746325530199043,0.0,102.90740867126584,awake_images
0.24266855493054973,0.08304547985373997,90.0,awake_images
0.3006216524095048,0.04343722427630694,82.8749836510982,awake_images
0.21648724055785867,0.029361010975735173,92.48955292199916,awake_images
0.4248005823641299,0.05076730825668096,82.72499504211075,awake_images
0.4621495583662484,0.1172445750922077,81.34745820888527,awake_images
0.39203743159881477,0.10606601717798213,86.26860300083955,awake_images
0.22941086403595604,0.03304093002275449,90.0,awake_images
0.25741486560972987,0.04130961923860138,91.2188752351313,awake_images
0.2742555785314984,0.027777777777777776,85.23635830927383,awake_images
0.24341553704030575,0.0,85.68397248013439,awake_images
0.25363066111973165,0.062017367294604234,85.51539399045538,awake_images
0.24720435603869195,0.06142951168339512,80.53767779197439,awake_images
0.1368789519072578,0.029361010975735173,87.06432655357884,awake_images
0.20343872353191372,0.11785113019775793,84.0938588862295,awake_images
0.2857142857142857,0.03333333333333333,86.53177074108285,awake_images
0.2870037190209989,0.029411764705882353,90.0,awake_images
0.2361111111111111,0.058823529411764705,91.1457628381751,awake_images
0.33988274742945696,0.0,83.51692630710276,awake_images
0.3771362203948111,0.13131590624511905,91.24536426676835,awake_images
0.31038747403139777,0.17677669529663687,87.4551956201869,awake_images
0.36421935811291056,0.10796691275336337,87.4551956201869,awake_images
0.34069095158113155,0.0,78.43986920578224,awake_images
0.3469312709924828,0.06461494458383268,74.74488129694222,awake_images
0.3251708497638428,0.062017367294604234,82.05652818940959,awake_images
0.447203479255339,0.32142857142857145,88.66778014613037,awake_images
0.21337571589851945,0.10606601717798213,92.5448043798131,awake_images
0.27403473458920846,0.10606601717798213,92.48955292199916,awake_images
0.30142661706684826,0.15976848264480123,103.09189306434685,awake_images
0.3254200259605017,0.07486158461265358,105.46121774044191,awake_images
0.370311542998342,0.03386427307392982,100.84030545433056,awake_images
0.335194104983943,0.06984302957695782,92.72631099390628,awake_images
0.3809654855552351,0.08874825559569402,84.55966796899449,awake_images
0.3248940044526043,0.0876309356755479,84.92039213998542,awake_images
0.33715273423630776,0.10422673155950121,84.55966796899449,awake_images
0.35852239743260583,0.0,85.33314162856101,awake_images
0.23039590289403666,0.057928444636349226,79.69515353123397,awake_images
0.3010652597950743,0.0,87.51044707800085,awake_images
0.2941035390508067,0.028629916715693413,79.38034472384487,awake_images
0.34611613513818407,0.07529725221671335,90.0,awake_images
0.4147130722287621,0.31819805153394637,87.4551956201869,awake_images
0.16615697788946823,0.14874102932718242,85.48601154199875,awake_images
0.25182587646470705,0.18927285376081912,74.87599269168945,awake_images
0.14160989768157856,0.16366139167425137,75.96375653207353,awake_images
0.11723313033202751,0.0,94.18491612511842,awake_images
0.20413716205301746,0.05521576303742327,85.71084667118099,awake_images
0.37050602318450665,0.5153385008824815,77.59258147259925,awake_images
0.34437650471769166,0.17785546009148928,84.05313694602651,awake_images
0.2553896264119664,0.06651901052377393,92.86240522611175,awake_images
0.26162612944674757,0.03333333333333333,87.33699923393286,awake_images
0.28803940759355817,0.04410810913912309,86.09950625761812,awake_images
0.35271876855047934,0.14792991052126087,100.30484646876603,awake_images
0.3716778559323799,0.34680843827067787,97.30575953331083,awake_images
0.42691146952895487,0.41099746826339323,99.46232220802563,awake_images
0.3852418773843589,0.2993355473569827,92.5448043798131,awake_images
0.31585967688350836,0.2571922625628131,97.94347181059041,awake_images
0.4424908500065398,0.46790481002293993,92.86240522611175,awake_images
0.42092339831179515,0.15090367347255543,98.13010235415598,awake_images
0.4017857142857143,0.14925557853149837,95.44033203100551,awake_images
0.41751690830701377,0.16520465011377244,93.99091309842979,awake_images
0.3134814130835882,0.06608186004550898,81.86989764584403,awake_images
0.3177412616005027,0.0,84.42780219603621,awake_images
0.3401138692012394,0.031008683647302117,85.0302592718897,awake_images
0.33290646925843176,0.0,92.43664824681014,awake_images
0.2296021281967359,0.0,83.9275435927923,awake_images
0.2878070272164224,0.0,90.0,awake_images
0.3442589398140803,0.027777777777777776,88.80651057601797,awake_images
0.333691122801705,0.0,81.70285503016314,awake_images
0.32425557853149833,0.0,92.5448043798131,awake_images
0.349713493558064,0.14088952518736514,92.93567344642118,awake_images
0.36163187857116,0.26666666666666666,99.68878656036681,awake_images
0.3081668391208904,0.25,95.07960786001456,awake_images
0.3584079138785093,0.08622191294189625,91.43209618416465,awake_images
0.3802666233643952,0.0,93.99091309842979,awake_images
0.3498672504223744,0.08823529411764706,91.36392753160293,awake_images
0.4762046526677147,0.1,94.86451443776053,awake_images
0.28153219191345014,0.08304547985373997,94.18491612511842,awake_images
0.20535714285714285,0.125,91.43209618416465,awake_images
0.32316715452894146,0.13303802104754786,95.5721978039638,awake_images
0.39801487608399566,0.2,92.43664824681014,awake_images
0.28793447918483317,0.27937211830783126,102.0947570770121,awake_images
0.36382261564656265,0.459351680819012,98.84181456019168,awake_images
0.39818413623977694,0.3287979746107146,90.0,awake_images
0.3516993909960825,0.16629752630943484,92.72631099390628,awake_images
0.31666666666666665,0.029361010975735173,88.60281897270363,awake_images
0.3652156267977465,0.10476454436543672,92.48955292199916,awake_images
0.3256820922315766,0.15090367347255543,91.2188752351313,awake_images
0.4239767064288764,0.09922356619824896,88.78112476486871,awake_images
0.30833580444320385,0.048564293117863214,95.71059313749964,awake_images
0.3657595757766183,0.0,90.0,awake_images
0.3730581988384145,0.03162277660168379,98.84181456019168,awake_images
0.4048220075932285,0.03268602252303067,96.20344790169185,awake_images
0.40208680960249943,0.06237828615518053,90.0,awake_images
0.37432920973854344,0.09245003270420485,96.3401917459099,awake_images
0.2569608950944557,0.0584206237836986,96.07245640720771,awake_images
0.2661703856876656,0.029361010975735173,91.33221985386963,awake_images
0.28965602257032963,0.07851358838853206,87.4551956201869,awake_images
0.43320864895142763,0.15617376188860607,105.78075330951539,awake_images
0.37273232063869066,0.10024476187834032,95.44033203100551,awake_images
0.712612865719445,0.26352313834736496,85.42607874009914,awake_images
0.3408784244987557,0.0,96.07245640720771,awake_images
0.33463552882650965,0.035355339059327376,95.1944289077348,awake_images
0.3911922938178629,0.08535533905932736,85.13548556223948,awake_images
0.28002223553463745,0.0584206237836986,95.1944289077348,awake_images
0.2698009767672407,0.0,97.1250163489018,awake_images
0.2678511301977579,0.06911873322463921,100.61965527615514,awake_images
0.3345077409374947,0.31189143077590264,90.0,awake_images
0.3550410847755687,0.17848558013543783,92.43664824681014,awake_images
0.32640926252976765,0.27607881518711636,80.96051719664487,awake_images
0.29184965894785797,0.14448340845183177,96.9810574068298,awake_images
0.32223963924419596,0.26666666666666666,91.36392753160293,awake_images
0.3207236081708762,0.2660760420950957,86.18592516570965,awake_images
0.29512743152733223,0.07529725221671335,91.24536426676835,awake_images
0.4152422093203172,0.06063390625908324,76.6075022462489,awake_images
0.3372592250528521,0.058722021951470346,85.33314162856101,awake_images
0.37111613513818403,0.2,92.43664824681014,awake_images
0.2711630722733202,0.2789485924374026,100.53918372862823,awake_images
0.31041119300617237,0.058823529411764705,87.66269414087618,awake_images
0.3081668391208904,0.07486158461265358,93.73139699916045,awake_images
0.2906249543731707,0.057928444636349226,94.96974072811031,awake_images
0.3333333333333333,0.0,87.56335175318986,awake_images
0.37287358487835887,0.5454545454545454,96.48307369289724,awake_images
0.3916024454167904,0.24659848095803594,92.6025622024998,awake_images
0.40126407699364425,0.7088781811516696,88.60281897270363,awake_images
0.372316256809767,0.048564293117863214,80.13419305691563,awake_images
0.4140632058045969,0.19611613513818404,70.11483488614456,awake_images
0.33714587425477865,0.06868028197434452,82.40535663140857,awake_images
0.33302669529663687,0.3391817326856071,90.0,awake_images
0.38514235376052375,0.5432144762551112,90.0,awake_images
0.3936658015181626,0.3027302727882008,102.52880770915151,awake_images
0.497014788117474,0.34375,91.00508600525419,awake_images
0.3627828018048507,0.41099746826339323,84.28940686250037,awake_images
0.2738918459060017,0.4528206703535166,98.65254179111473,awake_images
0.38949201457190324,0.2669496695232564,96.07245640720771,awake_images
0.29208606600166465,0.17727334266511188,101.07020257793937,awake_images
0.3628287971804496,0.30442625397304945,97.4314079711725,awake_images
0.3387086407289269,0.15104972487276597,99.65989307844234,awake_images
0.3182839397455641,0.14704292441876154,102.90740867126584,awake_images
0.21339443626498864,0.09214426752509268,98.29714496983688,awake_images
0.3833064138050859,0.17888543819998318,90.0,awake_images
0.4831236881382568,0.40613846605344767,75.96375653207353,awake_images
0.3950021318926694,0.03434014098717226,93.65222278030635,awake_images
0.29675531363215235,0.25,76.37300514010846,awake_images
0.32386363636363635,0.09912279006826347,90.0,awake_images
0.4112251933050045,0.3676073110469039,72.64597536373867,awake_images
0.3951235731801819,0.27585454811837706,83.15722658736907,awake_images
0.3933090378114018,0.12403473458920847,58.49573328079582,awake_images
0.31666666666666665,0.09469324665015971,87.61405596961119,awake_images
0.3234198177340255,0.062017367294604234,94.96974072811031,awake_images
0.4095890128041127,0.1672600561785624,71.20011484134736,awake_images
0.2699099389502579,0.1315334104411641,97.4314079711725,awake_images
0.38598641922157556,0.17994485458893897,78.02386755579664,awake_images
0.30593105059111003,0.0,91.24536426676835,awake_images
0.3117299417811007,0.058722021951470346,92.43664824681014,awake_images
0.3899090267883021,0.16666666666666666,91.2188752351313,awake_images
0.3307831564650007,0.1860521018838127,65.09523119190482,awake_images
0.225,0.1995570315713218,90.0,awake_images
0.22523561732254688,0.3762883473534389,57.652556500557964,awake_images
0.36462353045524126,0.03834824944236852,92.43664824681014,awake_images
0.20412408474707416,0.0,95.1944289077348,awake_images
0.27220686548623635,0.05590169943749474,61.82140989004083,awake_images
0.2866467959317344,0.05423261445466404,100.78429786756261,awake_images
0.3647459093750439,0.2151960704402833,107.5924245621816,awake_images
0.34010904338802217,0.03071475584169756,84.8055710922652,awake_images
0.35885785699936856,0.0,90.0,awake_images
0.20384515999123537,0.0,99.65989307844234,awake_images
0.3265420033790194,0.10384515999123535,78.23171106797936,awake_images
0.3177520592019973,0.1871348584655416,85.0302592718897,awake_images
0.3401138692012394,0.0547996624351191,79.15969454566944,awake_images
0.4902723103182311,0.2076903199824707,87.39743779750019,awake_images
0.3118033988749895,0.05521576303742327,90.0,awake_images
0.37216540079836324,0.12011161398352864,85.8150838748816,awake_images
0.4451247898257254,0.2993355473569827,87.51044707800085,awake_images
0.4439171547535127,0.17616606585441102,88.72696997994329,awake_images
0.42037787281421635,0.24951314462072213,86.26860300083955,awake_images
0.2731803259007979,0.11516335992621968,69.10223450116113,awake_images
0.24422546836700343,0.16977493752543307,74.19748604606448,awake_images
0.5001987320368576,0.09578262852211514,82.74680538727468,awake_images
0.30593105059111003,0.06237828615518053,87.33699923393286,awake_images
0.4097072060742245,0.18428853505018536,86.63353933657021,awake_images
0.35890245974325125,0.031008683647302117,85.42607874009914,awake_images
0.46279198074482963,0.17556172079419585,79.99202019855866,awake_images
0.44847628272810336,0.09095085938862486,81.57303097851933,awake_images
0.42248737341529163,0.07692307692307693,90.0,awake_images
0.38956980493733884,0.16609095970747995,85.23635830927383,awake_images
0.35886520731324245,0.2440350573385632,100.38885781546962,awake_images
0.47008134500601356,0.4118932599592784,93.57633437499736,awake_images
0.4425711768802619,0.16666666666666666,92.29061004263853,awake_images
0.4285714285714286,0.21509490250701582,94.666858371439,awake_images
0.3431095253391121,0.052999894000318,96.07245640720771,awake_images
0.36370649767410357,0.20505541290529222,101.76828893202065,awake_images
0.41363532747158605,0.2036073849504067,95.9468630539735,awake_images
0.45352821933832516,0.03571428571428571,90.0,awake_images
0.3330335542189158,0.1212678125181665,97.81529354676688,awake_images
0.4418500227479273,0.11404288819045583,86.42366562500266,awake_images
0.46693045781865616,0.1917412472118426,92.5448043798131,awake_images
0.3750540393342353,0.21338834764831846,99.65989307844234,awake_images
0.3830693212223056,0.062017367294604234,93.73139699916045,awake_images
0.4239406927901346,0.0917746291205323,84.17365797044422,awake_images
0.345175854893692,0.027777777777777776,83.9275435927923,awake_images
0.4759101455582817,0.08304547985373997,93.50353164478446,awake_images
0.2893169642748297,0.0578099302044586,104.03624346792648,drowsy_images
0.3273809523809524,0.2388450959634127,96.24191434741505,drowsy_images
0.25994286157447377,0.1274733607767825,98.58362148011395,drowsy_images
0.2789532026422449,0.125,88.60281897270363,drowsy_images
0.1646822550153294,0.07486158461265358,78.40782458970894,drowsy_images
0.1816227766016838,0.11585688927269845,77.61924307119283,drowsy_images
0.3437054876248862,0.06239177481057773,96.70983680775694,drowsy_images
0.17678081202548218,0.15373624935706678,83.0470425318261,drowsy_images
0.2851092698829421,0.0627544933501922,80.96051719664487,drowsy_images
0.35250465814487686,0.10526315789473684,84.55966796899449,drowsy_images
0.4002535560169789,0.12841645645144356,91.33221985386963,drowsy_images
0.23181538354176992,0.024723408821707437,94.86451443776053,drowsy_images
0.2158076555215941,0.031008683647302117,84.68545433005525,drowsy_images
0.20409145707430137,0.07415198011800449,83.6598082540901,drowsy_images
0.125,0.029361010975735173,88.72696997994329,drowsy_images
0.23370794443456794,0.11744404390294069,84.14398641457105,drowsy_images
0.38205626064487586,0.0,83.48019824834302,drowsy_images
0.28345073771727436,0.23281653683320877,83.6598082540901,drowsy_images
0.2909100567665738,0.09882117688026185,109.4400348281762,drowsy_images
0.22454530402191714,0.16444746657920944,104.85861444792467,drowsy_images
0.26259795348376813,0.08192319205190404,114.27444113443946,drowsy_images
0.2939951026012837,0.08175558733498739,107.28149837181665,drowsy_images
0.3635747383686341,0.07198157507486945,102.2647737278924,drowsy_images
0.24650463650288626,0.07319159941516883,102.38075692880719,drowsy_images
0.21075225889349514,0.026171196129510688,81.86989764584403,drowsy_images
0.3705128831660358,0.057928444636349226,83.51692630710276,drowsy_images
0.2092212894379829,0.02739983121755955,78.92979742206063,drowsy_images
0.28917870363623255,0.09889363528682975,91.19348942398204,drowsy_images
0.3407448539936462,0.09950371902099892,77.47119229084849,drowsy_images
0.27456019872485976,0.05521576303742327,80.78897345918332,drowsy_images
0.3410169959572339,0.2631174057921088,99.8193006387579,drowsy_images
0.3011376441203326,0.06318285663939095,76.26373169437744,drowsy_images
0.3552030003717852,0.20588235294117646,90.0,drowsy_images
0.3310196788517309,0.12257258446136503,104.85861444792467,drowsy_images
0.32041394570697945,0.04993761694389223,88.45184230102204,drowsy_images
0.2986250477885835,0.200830861284057,101.04094018032374,drowsy_images
0.23037612944674757,0.1168412475673972,95.1944289077348,drowsy_images
0.29455674434673423,0.23488808780588138,86.53177074108285,drowsy_images
0.2532917626979727,0.04887432497016631,62.560272051800695,drowsy_images
0.2905405236874099,0.3037412073275968,62.62229722866828,drowsy_images
0.3222095914848705,0.36772013043258145,77.19573393471325,drowsy_images
0.2723018335385791,0.3672699019607146,65.63754698468782,drowsy_images
0.30834648762240746,0.19318836639999085,85.98582430458899,drowsy_images
0.32452837710810983,0.024723408821707437,78.40782458970894,drowsy_images
0.29431747586863377,0.11086296585708666,86.72951207681645,drowsy_images
0.28814446742038724,0.16609095970747995,91.50743575877497,drowsy_images
0.27212800777411916,0.052342392259021375,86.82016988013577,drowsy_images
0.25763144888180284,0.031189143077590267,90.0,drowsy_images
0.3241843730315417,0.1860521018838127,92.43664824681014,drowsy_images
0.41985634441440645,0.035355339059327376,83.6598082540901,drowsy_images
0.2902155088928797,0.07088375090260515,82.5685920288275,drowsy_images
0.3727353130460438,0.0,85.33314162856101,drowsy_images
0.4042568452841894,0.02711630722733202,77.7352262721076,drowsy_images
0.38071194852002715,0.06142951168339512,80.34010692155766,drowsy_images
0.1927845196304423,0.0,93.65222278030635,drowsy_images
0.22727272727272727,0.027735009811261455,85.13548556223948,drowsy_images
0.18144483695160946,0.0,88.83086067209258,drowsy_images
0.213759297121501,0.0,96.48307369289724,drowsy_images
0.23075932055280213,0.0,95.31454566994475,drowsy_images
0.12576807271275708,0.0,83.9275435927923,drowsy_images
0.3247909713492021,0.0,85.91438322002513,drowsy_images
0.30950281536948177,0.03031695312954162,81.15818543980832,drowsy_images
0.2920982142532505,0.03904344047215152,86.18592516570965,drowsy_images
0.22388336779724755,0.029411764705882353,87.06432655357884,drowsy_images
0.18685232967091492,0.08823529411764706,88.56790381583535,drowsy_images
0.24146168810124233,0.0,78.69006752597979,drowsy_images
0.258192728749318,0.1559625734730109,85.42607874009914,drowsy_images
0.24757258446136504,0.0911431806377666,93.3664606634298,drowsy_images
0.26598957601791945,0.052558833122763673,93.3664606634298,drowsy_images
0.2608528989015534,0.05741621440754032,88.36342295838328,drowsy_images
0.1898913843237484,0.19004080665112166,116.56505117707799,drowsy_images
0.3036898353186159,0.16058631827165676,100.84030545433056,drowsy_images
0.27156950675209085,0.11166390612088833,86.42366562500266,drowsy_images
0.2916388712898023,0.10040444031431572,94.89909245378777,drowsy_images
0.21717227395154864,0.1701274315273322,94.18491612511842,drowsy_images
0.2803184239821457,0.09805806756909202,95.71059313749964,drowsy_images
0.2628686586700638,0.17039792792374564,94.48460600954462,drowsy_images
0.21717952832173704,0.2729442568277331,92.33730585912382,drowsy_images
0.39315232055698557,0.11748738691712715,91.2188752351313,drowsy_images
0.371505445124038,0.052558833122763673,93.65222278030635,drowsy_images
0.3964683852899876,0.052342392259021375,82.8749836510982,drowsy_images
0.44900743804199783,0.30678599553894814,92.2025981617658,drowsy_images
0.3871861004561957,0.0,99.09027692082232,drowsy_images
0.3965142493817833,0.11538461538461539,92.24574256589507,drowsy_images
0.3029776942560901,0.14269544824634822,84.8055710922652,drowsy_images
0.3550423828082594,0.023809523809523808,88.26429541107161,drowsy_images
0.3833983271878556,0.11704114719613058,85.3141001604973,drowsy_images
0.29197261901459215,0.2327053115085574,73.07248693585295,drowsy_images
0.27682672170519695,0.2541628200562163,73.4126614430726,drowsy_images
0.292073156768315,0.2566736946847712,77.09259132873416,drowsy_images
0.3063760173506111,0.024514516892273006,97.96961039432136,drowsy_images
0.3087394560249169,0.10397504898200728,83.15722658736907,drowsy_images
0.23755334292914757,0.0,96.9810574068298,drowsy_images
0.2208788936574415,0.027735009811261455,86.26860300083955,drowsy_images
0.27363522730774703,0.029361010975735173,86.42366562500266,drowsy_images
0.27216725542741416,0.02631578947368421,88.80651057601797,drowsy_images
0.24786746025962791,0.026279416561381837,90.0,drowsy_images
0.2717864402123539,0.0,87.51044707800085,drowsy_images
0.3811959113434501,0.2949955097939174,82.40535663140857,drowsy_images
0.21835715887582755,0.05547001962252292,107.19854122006586,drowsy_images
0.2640448211017324,0.1598721533954863,91.10170611520638,drowsy_images
0.27994497435942955,0.1395541389950575,91.06091169026423,drowsy_images
0.24956821978060995,0.17658925273081874,87.83892051177364,drowsy_images
0.2965841274656746,0.16666666666666666,85.23635830927383,drowsy_images
0.31448013447884166,0.28052510760370775,90.0,drowsy_images
0.2880650268944437,0.15384615384615385,90.0,drowsy_images
0.23270872128114922,0.2979199431410233,62.98733465206146,drowsy_images
0.29194017080646406,0.07567943486441664,58.20108717570559,drowsy_images
0.3182524318700737,0.05978447368741945,58.57043438516149,drowsy_images
0.24549849577643723,0.1208244186660354,83.418055344822,drowsy_images
0.21120388108471752,0.16874443182803708,98.42696902148067,drowsy_images
0.20440431395671743,0.023596458909150436,72.71850162818336,drowsy_images
0.28943222237505417,0.16157849056217696,114.27444113443946,drowsy_images
0.2803736917288364,0.16893832565202474,100.4914770123316,drowsy_images
0.3011639521004105,0.15704332645885657,100.92280471986926,drowsy_images
0.24658206051884415,0.3967236258615041,112.61986494804043,drowsy_images
0.23359452866989144,0.28966206101082875,109.79887635452492,drowsy_images
0.3351265418469026,0.10679183388307036,104.32271997820357,drowsy_images
0.35183184903855613,0.17859152928948988,88.09084756700362,drowsy_images
0.28128587448241255,0.26888802726827804,98.00472885729286,drowsy_images
0.24547123081313726,0.1977872705736595,78.46537934635528,drowsy_images
0.21187338345494544,0.07692307692307693,66.16125981682828,drowsy_images
0.2134426829537074,0.23463225241337865,93.94518622903756,drowsy_images
0.2611435330678145,0.16678739278632057,71.56505117707799,drowsy_images
0.3104241646925493,0.16537964611894462,95.1944289077348,drowsy_images
0.2734743092267449,0.19421191372293817,101.6893691754392,drowsy_images
0.27227733688486294,0.2564601569065591,98.25943797987881,drowsy_images
0.2353263382163836,0.04975185951049946,79.46081627137177,drowsy_images
0.2316742426696991,0.06344412387374015,79.91940201245768,drowsy_images
0.2526754444349817,0.1387675138536424,82.40535663140857,drowsy_images
0.23080069251993024,0.06028003604926854,83.51692630710276,drowsy_images
0.23911300342948466,0.052342392259021375,81.15818543980832,drowsy_images
0.2678792631450553,0.0,77.19573393471325,drowsy_images
0.17310858456176956,0.027777777777777776,85.91438322002513,drowsy_images
0.3237512833742451,0.0233890134862494,77.19573393471325,drowsy_images
0.3030809391559422,0.07634798978389314,75.65066795705286,drowsy_images
0.19950371902099892,0.0292103118918493,86.56636963754949,drowsy_images
0.29489452815468686,0.05547001962252291,85.33314162856101,drowsy_images
0.3592694608607744,0.049446817643414874,79.79602627826831,drowsy_images
0.39375,0.23702566033614228,90.95484125387219,drowsy_images
0.39691831596194305,0.3922322702763681,90.0,drowsy_images
0.38956980493733884,0.13416407864998736,90.97102193107918,drowsy_images
0.3005122653282186,0.02370227315699886,84.40066066347944,drowsy_images
0.225,0.025,91.1457628381751,drowsy_images
0.29925557853149837,0.026279416561381837,92.33730585912382,drowsy_images
0.3258122453831672,0.14366247335021504,70.94229548987167,drowsy_images
0.2936101097573518,0.1810714920850371,74.05460409907715,drowsy_images
0.2721110072266013,0.16239027483754284,78.3106308245608,drowsy_images
0.3564350946428235,0.230681430746005,80.1806993612421,drowsy_images
0.3290569415042095,0.3220783132004154,82.14668669802178,drowsy_images
0.29760577902028407,0.30225490019412093,76.93068210371783,drowsy_images
0.30658477241338655,0.1701274315273322,94.01417569541103,drowsy_images
0.33385785699936854,0.11744404390294069,90.97102193107918,drowsy_images
0.3260652597950743,0.11585688927269845,94.23639479905884,drowsy_images
0.36035338488423196,0.10476454436543672,83.418055344822,drowsy_images
0.3921797574904883,0.3325950526188697,93.17983011986423,drowsy_images
0.3081668391208904,0.24748737341529162,96.58194465517802,drowsy_images
0.3958484044716649,0.17177950029416048,98.9726266148964,drowsy_images
0.3201274315273322,0.17647058823529413,86.98721249581666,drowsy_images
0.35057964328076774,0.23431167338464348,96.54629078329404,drowsy_images
0.15505927457655447,0.3852896589302502,91.97493401088198,drowsy_images
0.26903884853012794,0.3181818181818182,85.23635830927383,drowsy_images
0.23104155569126303,0.37632123084437213,95.9061411137705,drowsy_images
0.1678027541863938,0.2789026226870745,94.61064931866062,drowsy_images
0.2986111111111111,0.24897330161692596,90.0,drowsy_images
0.20634892168199606,0.2716160730352862,90.0,drowsy_images
0.4022116507173636,0.17413150828674812,93.87852450284771,drowsy_images
0.3545982142532505,0.24961508830135312,93.3664606634298,drowsy_images
0.36338260215831364,0.15789473684210525,91.02303018866785,drowsy_images
0.2398116864448992,0.173259232729684,96.22582906442578,drowsy_images
0.2216579800149329,0.27236735535142165,103.53585636913425,drowsy_images
0.29428940759355815,0.21065522529907,93.73139699916045,drowsy_images
0.2702712544598746,0.11211750625065145,101.72511201516508,drowsy_images
0.3121274353424716,0.09214426752509268,104.28109573597084,drowsy_images
0.285899398884064,0.09619336472387545,104.74356283647074,drowsy_images
0.268533645624073,0.0,100.84030545433056,drowsy_images
0.23618304765123813,0.024968808471946116,93.50353164478446,drowsy_images
0.2406835852768438,0.0,91.2188752351313,drowsy_images
0.2874288961587107,0.1656472891122698,86.18592516570965,drowsy_images
0.2265966905327147,0.024514516892273006,101.30993247402021,drowsy_images
0.24786746025962791,0.023782574707724703,87.56335175318986,drowsy_images
0.2693271771966685,0.023782574707724703,95.44033203100551,drowsy_images
0.27359633650742626,0.02487592975524973,96.95295746817392,drowsy_images
0.2813382730838208,0.0,95.5721978039638,drowsy_images
0.2527242126669125,0.0,80.07375449334829,drowsy_images
0.31888387449244915,0.13736056394868904,87.51044707800085,drowsy_images
0.2608528989015534,0.04740454631399772,85.91438322002513,drowsy_images
0.30522345470858653,0.2628928070266437,88.56790381583535,drowsy_images
0.32070398539944944,0.13139708280690918,90.0,drowsy_images
0.32048803081107624,0.05263157894736842,88.72696997994329,drowsy_images
0.2999426154360144,0.07808688094430304,92.5448043798131,drowsy_images
0.33157478841229093,0.05263157894736842,87.27368900609373,drowsy_images
0.333595458994916,0.026171196129510688,84.28940686250037,drowsy_images
0.2790569415042095,0.05855327953213506,73.30075576600639,drowsy_images
0.299756292321233,0.1531282986977553,101.30993247402021,drowsy_images
0.32818752749501634,0.0572223493146984,93.57633437499736,drowsy_images
0.21314008265736256,0.25979224926766525,93.01278750418334,drowsy_images
0.21356670300232816,0.19216561050602196,90.97102193107918,drowsy_images
0.26461998478443677,0.15811388300841897,95.52754015165618,drowsy_images
0.29865791507692313,0.0604122093330177,112.44275336529435,drowsy_images
0.30562446063541926,0.10966208072876611,105.94539590092286,drowsy_images
0.3451243192287291,0.2531605741062367,113.05130091647302,drowsy_images
0.33302669529663687,0.04703604341917987,90.0,drowsy_images
0.2636750490563073,0.07124704998790965,91.59114027119459,drowsy_images
0.30073725095755033,0.0,98.13010235415598,drowsy_images
0.24806946917841693,0.058823529411764705,90.0,drowsy_images
0.26201629172255464,0.029361010975735173,87.13759477388825,drowsy_images
0.34375,0.03333333333333333,91.46880071438582,drowsy_images
0.39099048367702527,0.08808303292720551,87.75425743410493,drowsy_images
0.35271876855047934,0.3468443597997745,91.1457628381751,drowsy_images
0.2526227043409244,0.07319159941516883,84.17365797044422,drowsy_images
0.265456090826518,0.19279805848814893,87.66269414087618,drowsy_images
0.2708173130428817,0.1705664549276522,83.29016319224307,drowsy_images
0.2501857746685834,0.1871348584655416,87.75425743410493,drowsy_images
0.2704179334195461,0.031189143077590267,90.0,drowsy_images
0.2930828258300687,0.09452655492599482,87.83892051177364,drowsy_images
0.26601756253028774,0.20447218324294508,87.7974018382342,drowsy_images
0.35168966464989054,0.22056438662814232,84.05313694602651,drowsy_images
0.2800094399751214,0.24806946917841693,86.76029970389789,drowsy_images
0.37931858196476836,0.1345345587992625,83.01894259317021,drowsy_images
0.33328122516164144,0.17300455563895617,86.63353933657021,drowsy_images
0.3491980015194174,0.13010979365773964,84.40066066347944,drowsy_images
0.3010130148852235,0.1350858067395748,74.8459319496874,drowsy_images
0.23595155873240675,0.1948683298050514,80.7273982227997,drowsy_images
0.34047121859212165,0.19847359942596346,81.70285503016314,drowsy_images
0.34363643667533617,0.2849881999516386,82.03038960567865,drowsy_images
0.34429199361479257,0.19611613513818402,79.31508759999728,drowsy_images
0.3156472891122698,0.2660760420950957,87.83892051177364,drowsy_images
0.28770486873995843,0.1384602133216471,81.52885536698517,drowsy_images
0.2455791642790291,0.1,86.56636963754949,drowsy_images
0.29097930590297233,0.10476454436543672,82.5685920288275,drowsy_images
0.3059202901064637,0.058520573598065284,76.26373169437744,drowsy_images
0.3016995544128832,0.0627544933501922,70.11483488614456,drowsy_images
0.26773970491680754,0.07486158461265358,84.8055710922652,drowsy_images
0.2535415697700546,0.02719641466102106,99.27260177720031,drowsy_images
0.33066175580968477,0.03020610466650885,102.40741852740075,drowsy_images
0.3632459770659018,0.0,84.28940686250037,drowsy_images
0.29054186111619673,0.06706148784369709,86.82016988013577,drowsy_images
0.29514790121168943,0.0,87.61405596961119,drowsy_images
0.3355495570586212,0.0876309356755479,91.1457628381751,drowsy_images
0.4471692117046596,0.21832400154313186,91.2188752351313,drowsy_images
0.2708894258033526,0.045267873021259265,95.44033203100551,drowsy_images
0.28739027483754287,0.15269597956778627,101.30993247402021,drowsy_images
0.27503868541994364,0.11516335992621968,100.4374753511182,drowsy_images
0.3257103718834351,0.1414213562373095,87.39743779750019,drowsy_images
0.23514584570031957,0.09302605094190634,85.13548556223948,drowsy_images
0.3340622587639124,0.07529725221671335,85.0302592718897,drowsy_images
0.42426173767603237,0.19108411851099838,91.24536426676835,drowsy_images
0.34473500546972674,0.34680843827067787,93.9004937423819,drowsy_images
0.35744499361640525,0.029361010975735173,87.61405596961119,drowsy_images
0.3553621911440321,0.0,88.78112476486871,drowsy_images
0.3010652597950743,0.05521576303742327,93.65222278030635,drowsy_images
0.27606525979507435,0.0,93.50353164478446,drowsy_images
0.2600858067395748,0.0,94.08561677997488,drowsy_images
0.31644865808786965,0.0,95.31454566994475,drowsy_images
0.1984775175223905,0.052558833122763673,88.72696997994329,drowsy_images
0.3115828865717905,0.05263157894736842,87.20729763428672,drowsy_images
0.18627782888424232,0.041522739926869986,82.69424046668918,drowsy_images
0.25459103879045764,0.02631578947368421,86.00908690157023,drowsy_images
0.26982636198360094,0.11585688927269845,92.86240522611175,drowsy_images
0.2328448776855767,0.058722021951470346,88.56790381583535,drowsy_images
0.2718153021845575,0.0,80.96051719664487,drowsy_images
0.32501985593506655,0.11704114719613057,97.4314079711725,drowsy_images
0.25410708672495785,0.0,95.9468630539735,drowsy_images
0.28286893258332635,0.07634413615167958,99.03948280335513,drowsy_images
0.3398078484673537,0.02739983121755955,82.8749836510982,drowsy_images
0.37126025885955594,0.05555555555555555,88.8542371618249,drowsy_images
0.34497639790746315,0.07570111641044645,78.92979742206063,drowsy_images
0.10067030849196873,0.0,84.68545433005525,drowsy_images
0.3012288252489299,0.06237828615518053,87.20729763428672,drowsy_images
0.20487984846774648,0.07088375090260515,86.00908690157023,drowsy_images
0.19591187548926609,0.03928371006591931,85.91438322002513,drowsy_images
0.1803518100090825,0.029411764705882353,88.63607246839707,drowsy_images
0.2899819070259185,0.0,94.18491612511842,drowsy_images
0.24328297716519087,0.0,93.99091309842979,drowsy_images
0.2636750490563073,0.02676438637860946,73.17859010995917,drowsy_images
0.19438090603375388,0.0,91.39718102729638,drowsy_images
0.16326977068408882,0.0,95.07960786001456,drowsy_images
0.27761525541500676,0.02739983121755955,81.15818543980832,drowsy_images
0.2656472891122698,0.0,84.68545433005525,drowsy_images
0.3826992932504397,0.11066541435395726,88.69804732742112,drowsy_images
0.19900743804199783,0.13333333333333333,90.0,drowsy_images
0.26583359533865736,0.15158476564770812,83.36748538486154,drowsy_images
0.2297557782229962,0.0,93.43363036245051,drowsy_images
0.2495037190209989,0.0,90.0,drowsy_images
0.2787210341552823,0.028629916715693413,81.52885536698517,drowsy_images
0.3124278039972954,0.0,93.73139699916045,drowsy_images
0.33058949423341794,0.03220783132004154,96.20344790169185,drowsy_images
0.32987725198435003,0.06537204504606134,97.4314079711725,drowsy_images
0.243851344154028,0.06216916216769172,77.61924307119283,drowsy_images
0.19041280993008983,0.03125,82.50414236027014,drowsy_images
0.15233903502980695,0.07283570407292297,74.6237487511738,drowsy_images
0.20872264457626397,0.2462678125181665,74.24882633654697,drowsy_images
0.27965273295596543,0.0876309356755479,78.17851165939275,drowsy_images
0.22345219661015675,0.08975237710586569,78.95905981967627,drowsy_images
0.2913317938002514,0.14776353114138543,78.92979742206063,drowsy_images
0.29184965894785797,0.19179881852291683,77.0053832080835,drowsy_images
0.22738038890286916,0.10763001992547817,81.70285503016314,drowsy_images
0.3193830100588306,0.1064863952943036,82.27817419986903,drowsy_images
0.3110521018838127,0.1424940999758193,80.86982351772131,drowsy_images
0.2676399869335636,0.08276058886023681,76.46414363086575,drowsy_images
0.3050434182365106,0.29450754468697576,83.23382517744695,drowsy_images
0.28674322424630866,0.1995570315713218,83.3455749539934,drowsy_images
0.30084034417920646,0.19904543830521157,78.48616881551298,drowsy_images
0.2907014012558751,0.4177057421066852,86.76029970389789,drowsy_images
0.296116135138184,0.2724459655118999,88.93908830973577,drowsy_images
0.23446626066405502,0.41522739926869984,86.05481377096244,drowsy_images
0.14280960744756738,0.06344412387374015,85.23635830927383,drowsy_images
0.22884232902794627,0.052558833122763673,92.43664824681014,drowsy_images
0.19756178659009094,0.0,94.666858371439,drowsy_images
0.3159902295706854,0.17378533390904768,85.91438322002513,drowsy_images
0.31592224519816503,0.13211933023663935,90.0,drowsy_images
0.3003208383265727,0.1419828279410793,83.79655209830817,drowsy_images
0.35663816367292045,0.30410352085392206,92.38594403038883,drowsy_images
0.4325595573446233,0.2660760420950957,94.96974072811031,drowsy_images
0.44086034037919897,0.12649110640673517,98.32565033042684,drowsy_images
0.5213423930633425,0.11180339887498948,88.69804732742112,drowsy_images
0.37468756370961265,0.16580886821007093,96.48307369289724,drowsy_images
0.4098341185109984,0.1976423537605237,88.56790381583535,drowsy_images
0.3466538561573207,0.3595462477533374,90.0,drowsy_images
0.3555321964669831,0.21706078553111482,87.4551956201869,drowsy_images
0.2478956794553681,0.0584206237836986,82.23483398157467,drowsy_images
0.2603806204262231,0.02739983121755955,96.48307369289724,drowsy_images
0.15182982777145987,0.0,87.51044707800085,drowsy_images
0.31422645466017585,0.08441099770716816,94.96974072811031,drowsy_images
0.31548088203326397,0.061429511683395124,91.16913932790742,drowsy_images
0.3146989840812341,0.09131492931090388,95.59933933652057,drowsy_images
0.3003208383265727,0.0,88.97696981133217,drowsy_images
0.355554958316069,0.14655482882269746,91.06091169026423,drowsy_images
0.3712432188167727,0.13803940759355818,86.56636963754949,drowsy_images
0.2938921562323139,0.023945657130528784,94.23639479905884,drowsy_images
0.2271880142596049,0.11529936630361318,92.16107948822638,drowsy_images
0.41247895569215276,0.32308117137798215,73.90918365114783,drowsy_images
0.4382150856582867,0.0,78.23171106797936,drowsy_images
0.28093394748851963,0.061898446059017294,74.05460409907715,drowsy_images
0.2259748859695152,0.14990633779917228,84.17365797044422,drowsy_images
0.2850391000172411,0.17896977694153232,73.4126614430726,drowsy_images
0.20737841085301134,0.179944854588939,71.91655461695134,drowsy_images
0.30574838755156275,0.21520106824074395,88.75463573323165,drowsy_images
0.21721265421393543,0.14359163172354764,80.90972307917768,drowsy_images
0.20904853305027238,0.13680008439456687,82.5685920288275,drowsy_images
0.43454167684753675,0.03268602252303067,81.08507304285214,drowsy_images
0.38278606953855077,0.08219949365267865,68.80594351845772,drowsy_images
0.4420317739336844,0.062017367294604234,84.50767544287257,drowsy_images
0.4335394752991043,0.07602859212697055,85.13548556223948,drowsy_images
0.4904412532303922,0.043852900965351466,75.42578380196126,drowsy_images
0.38383273929182554,0.15339299776947407,86.34777721969367,drowsy_images
0.5075264267742747,0.11971303267014333,77.98852161363456,drowsy_images
0.45357224086266856,0.0,88.66778014613037,drowsy_images
0.5119816522184102,0.24590164895141053,77.47119229084849,drowsy_images
0.33620592837868546,0.10397504898200727,78.23171106797936,drowsy_images
0.41273052217310335,0.06665132199086314,81.2538377374448,drowsy_images
0.31574727181121365,0.08089794232770667,75.00492087082402,drowsy_images
0.3517162947334113,0.06859943405700354,67.98871680208065,drowsy_images
0.30442533062905014,0.049386479832479485,74.8459319496874,drowsy_images
0.4742406590749816,0.19864584117574877,98.25943797987881,drowsy_images
0.4149459819768133,0.027735009811261455,85.68397248013439,drowsy_images
0.44777501639466444,0.32636898871828884,84.50767544287257,drowsy_images
0.4309897659717056,0.10526315789473684,87.91743472026913,drowsy_images
0.3149742213198821,0.025751310131230238,96.22582906442578,drowsy_images
0.31893967531896306,0.0,90.0,drowsy_images
0.335774720639602,0.26839496454347644,83.29016319224307,drowsy_images
