filename,width,height,class,xmin,ymin,xmax,ymax
GOPR0492_MP4-268_jpg.rf.e5c05791c11d4e46c2924dd9eb1d7182.jpg,416,416,drowsy,178,167,252,279
GOPR0492_MP4-508_jpg.rf.e174a38d1a728a2fef4a9702225babf7.jpg,416,416,awake,161,174,257,281
GOPR0492_MP4-401_jpg.rf.e1aef595027ff1e4c8ad6304150bfb72.jpg,416,416,drowsy,169,182,259,315
GOPR0492_MP4-426_jpg.rf.e26d52af3b4e6649129166a88e6d4876.jpg,416,416,awake,161,180,244,281
GOPR0492_MP4-484_jpg.rf.e73dd519981c915630891779c1d218f6.jpg,416,416,awake,143,162,236,270
GOPR0492_MP4-189_jpg.rf.e5743bd5ddfc9537205ab37be9621f3b.jpg,416,416,drowsy,166,160,249,272
GOPR0492_MP4-297_jpg.rf.e2ebde1b46c1e0979032d9434f23b5e8.jpg,416,416,drowsy,170,165,266,305
GOPR0492_MP4-509_jpg.rf.e5936b5cfcfe72f06f1f9ca18599a205.jpg,416,416,awake,177,180,261,277
GOPR0492_MP4-106_jpg.rf.e259f54ead010e2e56c6bba9498d1417.jpg,416,416,awake,179,155,292,298
GOPR0492_MP4-91_jpg.rf.e4bb5fabe95b2be3db29368488df1d7d.jpg,416,416,awake,143,179,222,273
GOPR0492_MP4-245_jpg.rf.e6475794b57539642d1854e8ef688d90.jpg,416,416,drowsy,155,152,273,314
GOPR0492_MP4-11_jpg.rf.e3f608af5de89dfd982b441c11e57629.jpg,416,416,awake,176,93,309,274
GOPR0492_MP4-31_jpg.rf.e4dffd1851af477e5c10c471f8010fac.jpg,416,416,awake,148,152,242,277
GOPR0492_MP4-348_jpg.rf.e30ae7263a38555b12f6121a3ffbbd58.jpg,416,416,awake,138,174,222,295
GOPR0492_MP4-95_jpg.rf.e7ed7fdbdcb558d141314f2fa9a340dd.jpg,416,416,awake,172,165,260,280
GOPR0492_MP4-366_jpg.rf.e836152cbcf2355853ef7a45811476c1.jpg,416,416,drowsy,138,172,236,279
GOPR0492_MP4-404_jpg.rf.e68b78dd9c17f9d341fa6ae3f2ece0f4.jpg,416,416,drowsy,145,148,236,289
GOPR0492_MP4-210_jpg.rf.e50af1676377264e8908966542c1d1aa.jpg,416,416,awake,167,163,250,279
GOPR0492_MP4-83_jpg.rf.e86b028e750e689ab3e9d476f8e7a48f.jpg,416,416,awake,124,159,221,292
GOPR0492_MP4-20_jpg.rf.e4ebffa3edf4475438671a5ba4730c74.jpg,416,416,drowsy,144,166,238,288
GOPR0492_MP4-453_jpg.rf.e64aff7b58bc34f60dc29fba397ec534.jpg,416,416,awake,173,165,254,266
GOPR0492_MP4-437_jpg.rf.e67cb51798b33779903bdac9277829db.jpg,416,416,awake,145,181,245,289
GOPR0492_MP4-318_jpg.rf.e95f051df14c7ca29fb15408f35dbaf2.jpg,416,416,drowsy,163,179,245,283
GOPR0492_MP4-397_jpg.rf.e93f5877b201f01053d5aaf433f62731.jpg,416,416,drowsy,168,165,260,276
GOPR0492_MP4-294_jpg.rf.e4e9de39078b77f8e8875afe178b18b3.jpg,416,416,drowsy,169,166,265,305
GOPR0492_MP4-463_jpg.rf.e80f530c1da636204c5931c3d083ba00.jpg,416,416,awake,176,181,251,277
GOPR0492_MP4-351_jpg.rf.e4a0b658c60c476c52695bf2fdb02692.jpg,416,416,awake,143,173,238,279
GOPR0492_MP4-104_jpg.rf.e8afa9e5a76f08c02254900cecf75057.jpg,416,416,drowsy,210,173,340,329
GOPR0492_MP4-183_jpg.rf.e874609fb3a609d7766b990f6d206a26.jpg,416,416,awake,148,168,230,272
GOPR0492_MP4-59_jpg.rf.e99c0e782d3765e6fa6b155c24666ad2.jpg,416,416,drowsy,134,158,263,320
GOPR0492_MP4-164_jpg.rf.e955b50ed1ce30e11c748d7bdf8b003c.jpg,416,416,awake,171,159,260,267
GOPR0492_MP4-98_jpg.rf.eaef22b5d6d389e6c2d0ba55ae340738.jpg,416,416,drowsy,151,174,237,293
GOPR0492_MP4-55_jpg.rf.e9c2add819eab414182ae77e3dbdc405.jpg,416,416,drowsy,178,162,274,292
GOPR0492_MP4-488_jpg.rf.e977ad9e533bf0acf98934db7a2f981b.jpg,416,416,awake,174,185,254,275
GOPR0492_MP4-327_jpg.rf.e6f4bbfe15b4f147e6b3a7addff377cc.jpg,416,416,drowsy,137,171,228,280
GOPR0492_MP4-313_jpg.rf.eb1e7fa182fcaab2aa6d684e2e3e1d5a.jpg,416,416,drowsy,160,183,249,286
GOPR0492_MP4-196_jpg.rf.eb90181a30f10cdf6c1c7f3c241555a3.jpg,416,416,drowsy,128,167,247,312
GOPR0492_MP4-250_jpg.rf.eb4f223c044a5bf2c4818f26abc19668.jpg,416,416,drowsy,113,150,239,313
GOPR0492_MP4-184_jpg.rf.ebc7c81b69a894649cd55e0049a5ab47.jpg,416,416,awake,148,164,244,282
GOPR0492_MP4-240_jpg.rf.eb42af4b567c2161a12214449b711618.jpg,416,416,drowsy,205,186,326,317
GOPR0492_MP4-235_jpg.rf.eb29c609429036fd9bf8cc60011e0019.jpg,416,416,drowsy,173,181,293,317
GOPR0492_MP4-323_jpg.rf.ec41d5bf76db70e205ec25e824d24c0d.jpg,416,416,drowsy,151,181,229,283
GOPR0492_MP4-289_jpg.rf.ebbd1c955684dc9d3dc09a4faa0174e4.jpg,416,416,awake,144,169,261,322
GOPR0492_MP4-14_jpg.rf.ebfb3eb3bce7ae3d559dabba8a9c3580.jpg,416,416,awake,166,144,255,266
GOPR0492_MP4-97_jpg.rf.ec4afb8e4801a14af613b992baa287b4.jpg,416,416,awake,177,179,248,285
GOPR0492_MP4-41_jpg.rf.ee15621909172b1101c9f73049a08cbe.jpg,416,416,awake,177,170,260,282
GOPR0492_MP4-177_jpg.rf.edb7f0f27a4cb913fa284dd4497f95a0.jpg,416,416,awake,147,177,226,285
GOPR0492_MP4-231_jpg.rf.ecbd1dce2eb9f9ae557d875580d3e016.jpg,416,416,drowsy,162,182,271,311
GOPR0492_MP4-87_jpg.rf.ef4a1819892c49e49f17a46789f9a757.jpg,416,416,awake,166,165,259,285
GOPR0492_MP4-227_jpg.rf.eff99e6f690764c075c3ec602636d701.jpg,416,416,drowsy,168,173,250,293
GOPR0492_MP4-98_jpg.rf.eec51f4cb89d0f55448e8adb94ed978f.jpg,416,416,drowsy,121,171,209,297
GOPR0492_MP4-405_jpg.rf.f0893180bb2c23f7cb80e9097a67f348.jpg,416,416,awake,152,175,234,290
GOPR0492_MP4-169_jpg.rf.ec7b4f9f2929f6beda66d19cfbfb43d2.jpg,416,416,awake,160,170,266,292
GOPR0492_MP4-156_jpg.rf.f1c7ab61817ea22334c63a5d1fb8736e.jpg,416,416,drowsy,186,168,293,314
GOPR0492_MP4-478_jpg.rf.efe598fe2fca197623fa4f4a4d695325.jpg,416,416,awake,168,185,257,285
GOPR0492_MP4-320_jpg.rf.ef597ebe320e264721592ad3025d12e1.jpg,416,416,drowsy,161,186,248,294
GOPR0492_MP4-438_jpg.rf.f098a1078dc54ea5c6850b4e8139ab97.jpg,416,416,drowsy,169,175,258,279
GOPR0492_MP4-48_jpg.rf.f14ce88456f0abda3063c4f75231ac83.jpg,416,416,drowsy,175,170,264,282
GOPR0492_MP4-379_jpg.rf.f047c55436d56d2493663356d71df663.jpg,416,416,awake,163,175,257,291
GOPR0492_MP4-526_jpg.rf.f11601288a37fe1172fb6421b8268bfe.jpg,416,416,awake,154,178,256,290
GOPR0492_MP4-360_jpg.rf.f197879c3b0343ae7bf1814a54651b16.jpg,416,416,awake,146,164,251,276
GOPR0492_MP4-251_jpg.rf.f1553e3b8df7e5852bc0eacb0078a5f2.jpg,416,416,drowsy,164,164,256,301
GOPR0492_MP4-285_jpg.rf.f12f3300b4087c148212ae8c6ce10f3b.jpg,416,416,drowsy,163,178,276,327
GOPR0492_MP4-13_jpg.rf.efd65cf76eb6bb7585d6f828db87a384.jpg,416,416,awake,156,120,271,286
GOPR0492_MP4-29_jpg.rf.f267f2b85e16b8725c313ad57379955b.jpg,416,416,drowsy,210,175,344,310
GOPR0492_MP4-419_jpg.rf.f0d00f5856cc8eaf211cffaeddc9a0d4.jpg,416,416,drowsy,147,176,230,300
GOPR0492_MP4-439_jpg.rf.f135548d3737fa06c08dd79177a182ed.jpg,416,416,awake,171,178,250,281
GOPR0492_MP4-334_jpg.rf.ec8d83bcd1e4476f4ee0d2784cb6b3c9.jpg,416,416,awake,206,188,300,310
GOPR0492_MP4-369_jpg.rf.f3dd8a2ffa39447a93fb491acd11dcc5.jpg,416,416,awake,138,176,211,280
GOPR0492_MP4-198_jpg.rf.f326df43096ffeff03c7f22f3752fed0.jpg,416,416,awake,151,170,253,292
GOPR0492_MP4-302_jpg.rf.f54feb56f1e509f99a847cb4c31d0e61.jpg,416,416,drowsy,117,187,241,326
GOPR0492_MP4-462_jpg.rf.f286b5158cb2e332395286acec5369e8.jpg,416,416,awake,154,177,240,273
GOPR0492_MP4-80_jpg.rf.f5e53e938ee582e22efb93f98d2b370a.jpg,416,416,awake,190,175,294,307
GOPR0492_MP4-115_jpg.rf.f3e1006201a20e9e2393f6426c98583d.jpg,416,416,drowsy,153,168,237,297
GOPR0492_MP4-35_jpg.rf.f3d55542d6632a6805cfc0eb0a2fbe4c.jpg,416,416,awake,177,174,259,286
GOPR0492_MP4-473_jpg.rf.f2eb5b84b8aa80272dc42b29fbe9f9a8.jpg,416,416,awake,152,199,236,299
GOPR0492_MP4-267_jpg.rf.f7233e1b7745770b02ac5ec18fb97ce4.jpg,416,416,awake,165,169,254,292
GOPR0492_MP4-152_jpg.rf.f77c154774565a9f51b03821807fec19.jpg,416,416,drowsy,129,167,239,309
GOPR0492_MP4-435_jpg.rf.f77db0a1a16d68bdaa4f251d54b528f9.jpg,416,416,awake,164,168,273,285
GOPR0492_MP4-475_jpg.rf.f38131a1739c72f103ce9b54a58a9445.jpg,416,416,awake,177,168,253,268
GOPR0492_MP4-250_jpg.rf.f719594d0c6a5c9eb19fa2995c25ea62.jpg,416,416,drowsy,144,167,242,304
GOPR0492_MP4-266_jpg.rf.f3ba064218eb7d5be06684b849ccf946.jpg,416,416,awake,173,174,258,296
GOPR0492_MP4-373_jpg.rf.f5f433853b5b2a2d079e902188686b6f.jpg,416,416,awake,164,168,258,281
GOPR0492_MP4-420_jpg.rf.f93bb97c5a9e365bd21ea263b997d34f.jpg,416,416,drowsy,142,165,230,287
GOPR0492_MP4-346_jpg.rf.f9ff6da37f29bea509c14bee4731e349.jpg,416,416,awake,156,170,252,276
GOPR0492_MP4-135_jpg.rf.f6b396b9979bce364c62e0462563764e.jpg,416,416,drowsy,152,169,243,275
GOPR0492_MP4-135_jpg.rf.f99d2a2fd559f945c010bd0bf810b721.jpg,416,416,drowsy,146,169,247,283
GOPR0492_MP4-144_jpg.rf.f6db6f7c5dc0e6d12264530c9a84419b.jpg,416,416,awake,162,172,244,272
GOPR0492_MP4-181_jpg.rf.f9f6a6afd757f0631501f24b3df7e684.jpg,416,416,awake,140,165,237,289
GOPR0492_MP4-530_jpg.rf.fa0c2477d044838c1e86a634644d3dcc.jpg,416,416,awake,155,183,244,298
GOPR0492_MP4-255_jpg.rf.f9770baced22d4fe836917a79f9c6592.jpg,416,416,drowsy,162,175,255,306
GOPR0492_MP4-434_jpg.rf.fa20077622f964f605c4863573ffaf59.jpg,416,416,awake,163,176,256,274
GOPR0492_MP4-477_jpg.rf.f8611fb877f77639c315ec0efed83a95.jpg,416,416,awake,179,170,264,286
GOPR0492_MP4-0_jpg.rf.f877fdf61dfc5a3c83d562a6e8117438.jpg,416,416,awake,179,104,303,273
GOPR0492_MP4-443_jpg.rf.fc71a0f867685eb1b78d947c68fe9cfc.jpg,416,416,drowsy,132,170,228,301
GOPR0492_MP4-426_jpg.rf.f9c80ac6a20979fa373203928bad9cc8.jpg,416,416,awake,145,176,238,283
GOPR0492_MP4-396_jpg.rf.fb8af44c51c8955b25c4d988e97c8130.jpg,416,416,awake,169,165,250,280
GOPR0492_MP4-308_jpg.rf.fed068a84fd9753e25b952460809650d.jpg,416,416,drowsy,208,186,307,303
GOPR0492_MP4-34_jpg.rf.fb1d2d9d8e4c92ff0d43c67c263b4927.jpg,416,416,awake,141,155,223,267
GOPR0492_MP4-515_jpg.rf.fb1e463b81c28a5c2e471bc9416c9ac1.jpg,416,416,awake,152,177,244,279
GOPR0492_MP4-107_jpg.rf.fdd54a36155a47a946a39a9d46f9bb2b.jpg,416,416,awake,181,149,292,288
GOPR0492_MP4-291_jpg.rf.fb7aa1cec6ca98ffe70379f588cf5abd.jpg,416,416,drowsy,183,168,272,289
GOPR0492_MP4-167_jpg.rf.fe6788a0dd04e0d53616a67711d23ee1.jpg,416,416,awake,158,168,234,282
GOPR0492_MP4-396_jpg.rf.fc86c0a00ab159ee1877b8710c10f233.jpg,416,416,awake,164,176,243,286
GOPR0492_MP4-241_jpg.rf.fc56d4ec0ecb1a7e2498fbc32784334b.jpg,416,416,drowsy,186,167,300,308
GOPR0492_MP4-189_jpg.rf.fca41d00ce836b7d9077ddefdeafc7fd.jpg,416,416,drowsy,162,175,241,287
GOPR0492_MP4-350_jpg.rf.fedb46eea7bfa2ad0943221ffceb7c8c.jpg,416,416,awake,109,165,216,287
GOPR0492_MP4-82_jpg.rf.ff460bfc3b0318736f8f28eaa456f6be.jpg,416,416,drowsy,97,171,209,318
GOPR0492_MP4-220_jpg.rf.fe945aaf7a93c14a4a0284b6aa746436.jpg,416,416,drowsy,169,177,245,286
GOPR0492_MP4-372_jpg.rf.ff02bccebac76ee8ad34a2b0f4dca0af.jpg,416,416,awake,137,177,233,295
GOPR0492_MP4-520_jpg.rf.fca43854b32fcc9f4e58172513046901.jpg,416,416,drowsy,169,159,250,287
GOPR0492_MP4-271_jpg.rf.fd4591292b7916ca5dbe0f9ede12b2a1.jpg,416,416,awake,152,174,239,291
GOPR0492_MP4-425_jpg.rf.fa984d586f9f7198fd0f7e8f61ca8080.jpg,416,416,awake,139,179,227,283
GOPR0492_MP4-128_jpg.rf.f94e132ba0c2926a7c0867a2998772e1.jpg,416,416,drowsy,158,165,240,296
GOPR0492_MP4-305_jpg.rf.fef0c818ea94802a47809b4ed8dac9b6.jpg,416,416,drowsy,149,190,264,317
GOPR0492_MP4-53_jpg.rf.fae84ed7fdcc4a37c9ce07cd51784c02.jpg,416,416,awake,157,173,237,287
GOPR0492_MP4-370_jpg.rf.eec6e2056d6c2a6fed573fefcbd74a83.jpg,416,416,awake,158,171,234,279
GOPR0492_MP4-141_jpg.rf.ff25789f44b91c55d7db43d27f90b88d.jpg,416,416,awake,158,169,240,269
GOPR0492_MP4-72_jpg.rf.ff8c27cee4d2e64b79d85d1520509801.jpg,416,416,drowsy,145,173,233,286
GOPR0492_MP4-308_jpg.rf.ff63d43d61c1ab330eb43315c7a4b035.jpg,416,416,drowsy,194,168,311,305
GOPR0492_MP4-149_jpg.rf.fa7a767d652bafa5fa2fc33191aeb4d8.jpg,416,416,drowsy,172,176,257,295
GOPR0492_MP4-72_jpg.rf.fffd98043c3e15e7af4333b929d253ac.jpg,416,416,drowsy,147,174,238,293
GOPR0492_MP4-244_jpg.rf.ffdd09d7879e2c6792493a7c64e15f5a.jpg,416,416,drowsy,143,160,265,317
GOPR0492_MP4-424_jpg.rf.ff82f4f50482dd859cd6ac07ac1e925d.jpg,416,416,drowsy,156,178,250,293
GOPR0492_MP4-529_jpg.rf.fffa442286a838b5486da8d7e066fb54.jpg,416,416,awake,160,166,241,267
GOPR0492_MP4-14_jpg.rf.ffae0b107bf964ab1e0beff9627ec533.jpg,416,416,awake,168,119,280,263
GOPR0492_MP4-529_jpg.rf.ffd9942c0d0f79ac8132c10fd1646937.jpg,416,416,awake,168,179,245,278
GOPR0492_MP4-167_jpg.rf.6bbc89b20a0e39e7dbf2c98d94d094c6.jpg,416,416,awake,154,171,239,292
GOPR0492_MP4-383_jpg.rf.6af7f107beea425f3b2877ae5536cab2.jpg,416,416,awake,162,159,248,273
GOPR0492_MP4-58_jpg.rf.6b4b75e6fda1bc71232de1e25052a69c.jpg,416,416,drowsy,157,168,273,317
GOPR0492_MP4-300_jpg.rf.6bc74fbb91f6586bdab6f3fcc7068bfd.jpg,416,416,drowsy,85,179,205,319
GOPR0492_MP4-42_jpg.rf.6ef8dda6a67f508cefca267c29f5eaa2.jpg,416,416,awake,183,178,276,293
GOPR0492_MP4-197_jpg.rf.6ca6559144495b337e0e63654c3803ff.jpg,416,416,awake,128,162,235,304
GOPR0492_MP4-281_jpg.rf.6cc020b0719fd652379271559473c292.jpg,416,416,drowsy,174,162,264,285
GOPR0492_MP4-529_jpg.rf.6bcdf17988e8a82f6482a79995322bd4.jpg,416,416,awake,149,169,237,279
GOPR0492_MP4-387_jpg.rf.6f18929ff9d3cea688e4e745d57f7031.jpg,416,416,drowsy,156,167,245,290
GOPR0492_MP4-35_jpg.rf.6bb2ab51118c985a25f89bad078c1d38.jpg,416,416,awake,155,167,238,277
GOPR0492_MP4-225_jpg.rf.6db1911d108a2b608582a8ec65f48927.jpg,416,416,awake,166,174,248,288
GOPR0492_MP4-317_jpg.rf.6eca1473f770f56397d36b2f929319e3.jpg,416,416,drowsy,151,183,235,284
GOPR0492_MP4-375_jpg.rf.7066386de73f17f8c6cbf3dd3faa3bc8.jpg,416,416,awake,156,166,255,286
GOPR0492_MP4-355_jpg.rf.6c4be37d6af1f7c2fd9fbd9d79d96142.jpg,416,416,awake,146,171,236,268
GOPR0492_MP4-465_jpg.rf.6a485df47903b0aa08529199113aa227.jpg,416,416,awake,169,181,251,287
GOPR0492_MP4-410_jpg.rf.6e94049ef58b2ae77924e9e57d8177bc.jpg,416,416,awake,135,172,223,278
GOPR0492_MP4-528_jpg.rf.6da45ea20cb52f5642b25d7af5209fab.jpg,416,416,awake,144,181,236,291
GOPR0492_MP4-38_jpg.rf.6b1b26461b39d9a1d436c9709e4bba21.jpg,416,416,awake,162,178,234,280
GOPR0492_MP4-303_jpg.rf.6f02f153930ccd0026ad5f58d963af61.jpg,416,416,drowsy,136,195,246,313
GOPR0492_MP4-201_jpg.rf.6b4dd23dcaa9b101df0d0439f2b9c813.jpg,416,416,awake,131,175,216,290
GOPR0492_MP4-515_jpg.rf.6c13ec2d001c1a1948e18084f82732d1.jpg,416,416,awake,164,174,257,276
GOPR0492_MP4-104_jpg.rf.6c6998925fbcad249da3a52705299cad.jpg,416,416,drowsy,222,169,360,331
GOPR0492_MP4-220_jpg.rf.6bbd244e6d6044389ba9d1511df9be83.jpg,416,416,drowsy,173,174,256,285
GOPR0492_MP4-118_jpg.rf.6adc3b239b2f3d3e39f2531bdd7a40b3.jpg,416,416,drowsy,162,168,250,283
GOPR0492_MP4-493_jpg.rf.70f98ac33a71cf9d7c7662138b32979e.jpg,416,416,awake,165,181,259,291
GOPR0492_MP4-385_jpg.rf.6f71ac3780a4ff173286d689e84eb540.jpg,416,416,awake,166,172,245,287
GOPR0492_MP4-216_jpg.rf.6f4b1ce7d83545ee09be6ea8e6a88638.jpg,416,416,drowsy,175,171,260,280
GOPR0492_MP4-513_jpg.rf.6a0b44192819ceb54f3c8806b6c91b2d.jpg,416,416,awake,168,184,245,278
GOPR0492_MP4-128_jpg.rf.70a0f3109451fd524882aa6f258e6365.jpg,416,416,drowsy,144,172,228,310
GOPR0492_MP4-309_jpg.rf.6a1b1768f482a3b1a0ed09f4faf2a0ff.jpg,416,416,drowsy,205,174,292,270
GOPR0492_MP4-169_jpg.rf.709ff1a12ef84fb2dd4b68b067a9d241.jpg,416,416,awake,159,169,247,274
GOPR0492_MP4-282_jpg.rf.728cef654dd5e7932ebe41508b986be4.jpg,416,416,drowsy,171,164,272,296
GOPR0492_MP4-498_jpg.rf.70b20e6fdd698322794250bc711fb91d.jpg,416,416,awake,155,184,227,283
GOPR0492_MP4-461_jpg.rf.742f296defd2beaac9e2e1fce9480781.jpg,416,416,awake,162,173,249,268
GOPR0492_MP4-313_jpg.rf.73cb9db8f2f832aaf44208677294c2e3.jpg,416,416,drowsy,167,184,255,284
GOPR0492_MP4-83_jpg.rf.71756be54db58cc2041bc21bc71ad691.jpg,416,416,awake,131,172,228,303
GOPR0492_MP4-204_jpg.rf.713ce2f29473f33ef5204e4cd24e69ea.jpg,416,416,awake,126,173,217,285
GOPR0492_MP4-347_jpg.rf.70b505c3df72b2f8d8d64740497beec4.jpg,416,416,awake,126,169,233,292
GOPR0492_MP4-156_jpg.rf.75388a5d00005f0c4cda4dd6aa37a4bf.jpg,416,416,drowsy,192,170,291,305
GOPR0492_MP4-466_jpg.rf.759d809ad4b010905e8ec9f68cd84c26.jpg,416,416,awake,146,162,232,276
GOPR0492_MP4-138_jpg.rf.72bdf0843ec2ec1d198c330064ae0237.jpg,416,416,awake,145,178,229,288
GOPR0492_MP4-403_jpg.rf.74d7f38c189dd437ea59100879652d5b.jpg,416,416,drowsy,159,177,237,297
GOPR0492_MP4-1_jpg.rf.71650dd7337686730194a274ccaa37a5.jpg,416,416,awake,159,87,283,244
GOPR0492_MP4-497_jpg.rf.75ba2a1aed56c902a37442dd29b45d56.jpg,416,416,drowsy,168,177,262,291
GOPR0492_MP4-163_jpg.rf.7526ee58237c40c7d3eaaad65845448c.jpg,416,416,awake,165,176,240,279
GOPR0492_MP4-424_jpg.rf.730426848cd368cf1c5195d9fed39016.jpg,416,416,drowsy,146,180,237,293
GOPR0492_MP4-143_jpg.rf.765a6da3a3caab77779a19f1dace06b9.jpg,416,416,awake,146,171,242,282
GOPR0492_MP4-77_jpg.rf.776098b5c37e152bc0844f6c63548a13.jpg,416,416,drowsy,194,163,301,296
GOPR0492_MP4-139_jpg.rf.785554b0ca919667c2152b7f98103f05.jpg,416,416,awake,147,173,231,277
GOPR0492_MP4-469_jpg.rf.76aeed3dc1f4020fb35ffb9a8c923128.jpg,416,416,awake,128,165,201,262
GOPR0492_MP4-254_jpg.rf.764a82b097058ec36402ddeeeab8b1e5.jpg,416,416,awake,163,170,247,283
GOPR0492_MP4-68_jpg.rf.72749bdef58f57efa2ed4bdb4faede60.jpg,416,416,drowsy,124,177,212,279
GOPR0492_MP4-10_jpg.rf.7191877ed34ad2c08ddc821061c5d9d9.jpg,416,416,awake,181,85,319,251
GOPR0492_MP4-476_jpg.rf.747e3c23d0d52ceea92e924228942d2c.jpg,416,416,awake,186,175,280,293
GOPR0492_MP4-134_jpg.rf.799eba93070e1258593d475e6443b680.jpg,416,416,awake,148,160,251,276
GOPR0492_MP4-478_jpg.rf.75e05526bc20e5a819ed7598c145b3f3.jpg,416,416,awake,196,171,286,274
GOPR0492_MP4-37_jpg.rf.767847eb1d73b1fbe3db797992870dca.jpg,416,416,awake,156,166,247,278
GOPR0492_MP4-124_jpg.rf.773e9030a695987883a2d6ede390be7f.jpg,416,416,awake,150,168,246,281
GOPR0492_MP4-331_jpg.rf.729563018393a6ff49fa1b7cc43968cb.jpg,416,416,awake,146,173,237,288
GOPR0492_MP4-326_jpg.rf.7610c1ecc2cfbf43b5d22c4edb4994a4.jpg,416,416,drowsy,141,173,225,281
GOPR0492_MP4-57_jpg.rf.79902bbb2f7d22a27452a490631b944f.jpg,416,416,drowsy,146,161,266,317
GOPR0492_MP4-202_jpg.rf.75919d81fa57c08699ef3f70182a004a.jpg,416,416,awake,148,177,233,287
GOPR0492_MP4-79_jpg.rf.79096b00e8e80a900967934789ac933b.jpg,416,416,awake,215,186,324,325
GOPR0492_MP4-147_jpg.rf.7a1112ba186205ffba144d00b8fce2e3.jpg,416,416,awake,151,164,252,284
GOPR0492_MP4-135_jpg.rf.78382b0a65d109f96e7e54a3262f345b.jpg,416,416,drowsy,144,166,241,278
GOPR0492_MP4-190_jpg.rf.7ab51d3fac2ec009996272de46c80009.jpg,416,416,drowsy,175,160,261,289
GOPR0492_MP4-279_jpg.rf.7abead72a52a1a6e26e573929f439896.jpg,416,416,drowsy,158,177,254,305
GOPR0492_MP4-94_jpg.rf.7c183ad65329afe21a6a386adf515e15.jpg,416,416,awake,170,173,261,289
GOPR0492_MP4-318_jpg.rf.7a5980a48bddc90ad83ad24b5ba0e42a.jpg,416,416,drowsy,153,181,243,291
GOPR0492_MP4-370_jpg.rf.7acb3544072c4bd78cf93d6efd4ec47c.jpg,416,416,awake,164,161,251,274
GOPR0492_MP4-500_jpg.rf.7874d9a0e465d63021568b0afa78d38d.jpg,416,416,awake,139,167,238,278
GOPR0492_MP4-57_jpg.rf.797192ea578846a97f8154517f882e95.jpg,416,416,drowsy,158,165,270,316
GOPR0492_MP4-13_jpg.rf.7e44a5042613bcf6f7198091e185d108.jpg,416,416,awake,157,110,291,288
GOPR0492_MP4-430_jpg.rf.7d3bf3b3fd96b02f8664e060bf637cc6.jpg,416,416,drowsy,174,173,244,273
GOPR0492_MP4-21_jpg.rf.7e96fc8d8e1f112c74501a927c7a3c0a.jpg,416,416,drowsy,174,166,269,306
GOPR0492_MP4-493_jpg.rf.7910dd97fc6464ec189e1155b3916848.jpg,416,416,awake,164,179,248,279
GOPR0492_MP4-191_jpg.rf.7cc10008620ab6868985d854ddca224c.jpg,416,416,drowsy,151,160,258,315
GOPR0492_MP4-328_jpg.rf.7c76b051d7e501d908e39f3c67d506e0.jpg,416,416,awake,141,178,225,285
GOPR0492_MP4-453_jpg.rf.7e2941a01222ddc9a2f4284269175091.jpg,416,416,awake,177,174,255,270
GOPR0492_MP4-127_jpg.rf.7d5c11eec9ebb29b4ac98f595fccd25b.jpg,416,416,drowsy,155,162,235,281
GOPR0492_MP4-224_jpg.rf.7fc30367c813fa75a88b3822d3888063.jpg,416,416,awake,163,171,254,292
GOPR0492_MP4-294_jpg.rf.7ce8fe88d3f1f18189012ae38c07d1d2.jpg,416,416,drowsy,173,167,279,306
GOPR0492_MP4-404_jpg.rf.7b248073a1fc2f31ad88f092e5e95498.jpg,416,416,drowsy,156,173,241,300
GOPR0492_MP4-447_jpg.rf.80b73e3aefdbf38d18a58c789d25fca9.jpg,416,416,drowsy,155,174,244,296
GOPR0492_MP4-289_jpg.rf.80731fc42ee537a89a2fed525e77b0ed.jpg,416,416,awake,156,164,266,306
GOPR0492_MP4-20_jpg.rf.7f6df1379d4198c6f3e5fda88136fc95.jpg,416,416,drowsy,165,172,240,278
GOPR0492_MP4-82_jpg.rf.821b733632e704feb909ece28444ccfd.jpg,416,416,drowsy,101,148,209,301
GOPR0492_MP4-360_jpg.rf.811cb1937b9359687eda9d11010bd444.jpg,416,416,awake,131,181,240,297
GOPR0492_MP4-171_jpg.rf.8193fbf86917f8fbf0a90161afa5eefe.jpg,416,416,awake,176,165,263,274
GOPR0492_MP4-300_jpg.rf.7e9cff242e86ac6978df427786727735.jpg,416,416,drowsy,99,166,222,307
GOPR0492_MP4-146_jpg.rf.7f4af89abb861ccc21b64427f843b1a9.jpg,416,416,awake,150,162,245,278
GOPR0492_MP4-233_jpg.rf.83af1d80566f0df2a76fdfee9580284c.jpg,416,416,drowsy,154,179,266,315
GOPR0492_MP4-119_jpg.rf.832dd7c2f645d746c76f60b7a2e8aa3a.jpg,416,416,awake,165,168,241,275
GOPR0492_MP4-164_jpg.rf.82a31edf67c0216f769d0a6ee880473e.jpg,416,416,awake,136,179,219,281
GOPR0492_MP4-43_jpg.rf.83363cd002b191d1befa0339ddf6d928.jpg,416,416,awake,173,166,263,288
GOPR0492_MP4-118_jpg.rf.82b6a5f90de9ae5e96940cc35078804a.jpg,416,416,drowsy,174,172,252,280
GOPR0492_MP4-277_jpg.rf.7c5d339a127e43b9764b95a9a87b70dc.jpg,416,416,drowsy,167,171,248,289
GOPR0492_MP4-445_jpg.rf.829128b185ecd880ad4b5d8e05ae3d2f.jpg,416,416,drowsy,150,176,243,305
GOPR0492_MP4-317_jpg.rf.8265f4fca38e388e9d9bca11a81cdd16.jpg,416,416,drowsy,156,191,243,297
GOPR0492_MP4-72_jpg.rf.7ff8204a0f5ada316fab6277cdfd2513.jpg,416,416,drowsy,154,170,246,289
GOPR0492_MP4-244_jpg.rf.82dfed5d4a5440ffa7f62fe02329d6bc.jpg,416,416,drowsy,143,155,254,303
GOPR0492_MP4-143_jpg.rf.81be5f378493757c545c6e0b53be14b6.jpg,416,416,awake,139,174,233,279
GOPR0492_MP4-428_jpg.rf.83e96da1bd1d3b59aaf706458941d0ab.jpg,416,416,awake,181,171,258,272
GOPR0492_MP4-185_jpg.rf.83cd9affa132286d3328a75549a19e19.jpg,416,416,awake,164,175,249,282
GOPR0492_MP4-204_jpg.rf.81e7a5b5da637f549745ad7ea44f1153.jpg,416,416,awake,137,171,224,282
GOPR0492_MP4-254_jpg.rf.8420dccfe381f8b67f234aa57cf50cb8.jpg,416,416,awake,154,167,247,288
GOPR0492_MP4-366_jpg.rf.85c6ac57e136a490feae8641dc7b59a5.jpg,416,416,drowsy,147,166,250,277
GOPR0492_MP4-462_jpg.rf.8484d003056c4e85c06a9e57dfed2748.jpg,416,416,awake,161,170,260,280
GOPR0492_MP4-465_jpg.rf.84aeeb850e57e8726389c8489cf3780d.jpg,416,416,awake,166,187,240,291
GOPR0492_MP4-313_jpg.rf.8450e31de20b508c6203130b5855b9cc.jpg,416,416,drowsy,152,187,233,282
GOPR0492_MP4-246_jpg.rf.83d340ff93d5925cad7b836450f45d1a.jpg,416,416,drowsy,120,171,238,322
GOPR0492_MP4-181_jpg.rf.859ce6666a0c3f6d1df399a2881d693b.jpg,416,416,awake,137,166,239,293
GOPR0492_MP4-348_jpg.rf.87cc606eed60f925d5fa73417e319206.jpg,416,416,awake,152,165,244,297
GOPR0492_MP4-26_jpg.rf.84a85e9915d8fde6ec74af7f1034ab04.jpg,416,416,drowsy,156,160,281,315
GOPR0492_MP4-225_jpg.rf.87afa906f967bb47401379325178759e.jpg,416,416,awake,175,167,253,281
GOPR0492_MP4-149_jpg.rf.864c3fdb54706e07d56c0acf6b4da454.jpg,416,416,drowsy,157,175,237,289
GOPR0492_MP4-152_jpg.rf.862baa556473cefb24ae3c27e6a79fb8.jpg,416,416,drowsy,119,174,234,323
GOPR0492_MP4-16_jpg.rf.86c9d31bc01edfe995bba69ba90a9ee4.jpg,416,416,drowsy,145,167,234,285
GOPR0492_MP4-422_jpg.rf.86d15b652767e21a223c23f58c457744.jpg,416,416,drowsy,163,151,255,281
GOPR0492_MP4-408_jpg.rf.87392f4e02b6042fbc7d56c82dc9af79.jpg,416,416,awake,164,183,240,288
GOPR0492_MP4-292_jpg.rf.87076ac39813969e183c01f92a16a744.jpg,416,416,drowsy,176,169,277,305
GOPR0492_MP4-31_jpg.rf.84e4b98e356fa0fbe6ec4015a7ba430b.jpg,416,416,awake,158,173,234,278
GOPR0492_MP4-208_jpg.rf.85ac9121516060992d7ec2a40553f974.jpg,416,416,awake,134,171,214,283
GOPR0492_MP4-426_jpg.rf.84bfdd79c39f32dbd629846f6130263d.jpg,416,416,awake,152,182,247,295
GOPR0492_MP4-441_jpg.rf.87d4b81ab2eedcb652cfa3d1bafe7398.jpg,416,416,drowsy,157,169,242,298
GOPR0492_MP4-35_jpg.rf.85f76e5989e81fc76fcca4b6334a627f.jpg,416,416,awake,157,163,241,273
GOPR0492_MP4-215_jpg.rf.886d02aafd6838af8c0e0a0324cee35f.jpg,416,416,awake,168,169,255,277
GOPR0492_MP4-332_jpg.rf.8917bcf5278560591df17ca41e62844f.jpg,416,416,awake,174,179,251,287
GOPR0492_MP4-427_jpg.rf.8ba74f9762454094cd5bfb38b99bdc68.jpg,416,416,awake,169,165,264,276
GOPR0492_MP4-58_jpg.rf.8bc9b1a4874cc13f1ed82d7343108d22.jpg,416,416,drowsy,145,163,268,319
GOPR0492_MP4-334_jpg.rf.8b2bb85f4f564568ef7e20174ec055b5.jpg,416,416,awake,181,167,277,286
GOPR0492_MP4-368_jpg.rf.8adf1291e23b15ba7debb8b1c014ffcf.jpg,416,416,awake,160,164,242,268
GOPR0492_MP4-84_jpg.rf.8bd42c9ba12d0ce65db3dbdb109650ce.jpg,416,416,awake,161,178,248,279
GOPR0492_MP4-299_jpg.rf.8a03801b38539c6452464bed73fb6d9d.jpg,416,416,drowsy,112,152,234,310
GOPR0492_MP4-283_jpg.rf.8aac6fffbd8d8f887761826abc8d141b.jpg,416,416,drowsy,163,170,265,300
GOPR0492_MP4-408_jpg.rf.8973608ddddf303c180487ee61625c96.jpg,416,416,awake,140,175,221,287
GOPR0492_MP4-397_jpg.rf.8cdb2927f11fd198764f8b2fdb16d0be.jpg,416,416,drowsy,162,172,249,281
GOPR0492_MP4-487_jpg.rf.8d8499b21ea0d66909669bda18407913.jpg,416,416,awake,161,177,253,286
GOPR0492_MP4-130_jpg.rf.8cf7dc96f8bc958b0e689140573ab3af.jpg,416,416,drowsy,151,164,247,304
GOPR0492_MP4-415_jpg.rf.8c5cbd39bc601ba53de250c6caadf97e.jpg,416,416,drowsy,143,171,238,280
GOPR0492_MP4-107_jpg.rf.87e758cf0b3e2a100f30ca8bb697945b.jpg,416,416,awake,170,157,272,286
GOPR0492_MP4-210_jpg.rf.891df7fec13f612883db5b4cfc7c31fb.jpg,416,416,awake,168,174,242,282
GOPR0492_MP4-98_jpg.rf.88fd856ea846885f582f9f84aac8e038.jpg,416,416,drowsy,137,177,221,299
GOPR0492_MP4-522_jpg.rf.8bc3c8bb22d28db26ead30178d13ca5f.jpg,416,416,awake,154,166,253,277
GOPR0492_MP4-231_jpg.rf.8860e9d468f263280e87d4ffd7713af2.jpg,416,416,drowsy,160,186,292,335
GOPR0492_MP4-309_jpg.rf.8b749c7d03b728448ada6c06cc8b7ecc.jpg,416,416,drowsy,205,192,278,276
GOPR0492_MP4-31_jpg.rf.8ecf00b107d0a839be91437117c3c9ee.jpg,416,416,awake,143,168,228,284
GOPR0492_MP4-448_jpg.rf.8d3107125652b375fdb33c743b3a9156.jpg,416,416,drowsy,166,163,267,287
GOPR0492_MP4-382_jpg.rf.8dac849ca3b8f657094b088591d78c15.jpg,416,416,drowsy,132,166,229,284
GOPR0492_MP4-368_jpg.rf.8e9ab72321b8b6eda6634461286254a9.jpg,416,416,awake,130,169,217,280
GOPR0492_MP4-21_jpg.rf.8ef0c0d552c8623aeb63bf0f814c00be.jpg,416,416,drowsy,164,149,267,292
GOPR0492_MP4-279_jpg.rf.8c32f4d10bdb27df3810702c0a2f7607.jpg,416,416,drowsy,189,184,279,311
GOPR0492_MP4-285_jpg.rf.8f5a97e20e500b7723e96a91a1fb7959.jpg,416,416,drowsy,165,157,268,296
GOPR0492_MP4-115_jpg.rf.8e81fc42c3246e19605d4787a507b22b.jpg,416,416,drowsy,156,162,247,294
GOPR0492_MP4-312_jpg.rf.8ec506392522bd521ef016174cbaa0a6.jpg,416,416,drowsy,163,181,252,281
GOPR0492_MP4-327_jpg.rf.8fed8c2f51953b8dad294c6f2e739a23.jpg,416,416,drowsy,148,177,232,282
GOPR0492_MP4-334_jpg.rf.8eeab8b12fb27413ed8f5489e5d4eb76.jpg,416,416,awake,193,168,296,294
GOPR0492_MP4-412_jpg.rf.8f86c5492805a8490741bf70ed22ebe4.jpg,416,416,awake,145,178,241,280
GOPR0492_MP4-25_jpg.rf.917e9da76af86c3d3aeb13e11451571c.jpg,416,416,drowsy,148,160,261,305
GOPR0492_MP4-323_jpg.rf.8f0233bfc0a1895c6d66a00a98f1f384.jpg,416,416,drowsy,138,179,220,284
GOPR0492_MP4-373_jpg.rf.9001e0b12239dc24e18fbcf3cd1f9121.jpg,416,416,awake,158,172,251,286
GOPR0492_MP4-403_jpg.rf.8ef57e2c22c46c741c73dad24d3cb0a7.jpg,416,416,drowsy,144,174,226,300
GOPR0492_MP4-338_jpg.rf.8fd0cbebe9cd4494ce10f6d3cb0dd008.jpg,416,416,awake,193,169,280,274
GOPR0492_MP4-194_jpg.rf.90a4cb5008585be1868a170a0c452343.jpg,416,416,drowsy,151,173,255,320
GOPR0492_MP4-477_jpg.rf.913daf78ddca23f13807a4cf20a12e65.jpg,416,416,awake,196,176,274,288
GOPR0492_MP4-64_jpg.rf.90821f03ead2fec7b9aeedba0f350694.jpg,416,416,drowsy,114,174,205,282
GOPR0492_MP4-526_jpg.rf.9070ae735f1621ebe450a666143ac695.jpg,416,416,awake,136,169,246,289
GOPR0492_MP4-43_jpg.rf.921d2b08bcaaf557b18719d82a135e1f.jpg,416,416,awake,155,161,242,279
GOPR0492_MP4-112_jpg.rf.9286ed169deb041da29426c4e56c5dd1.jpg,416,416,awake,156,174,235,287
GOPR0492_MP4-441_jpg.rf.93327fa1dc3c37b57de05a174bcfc7cf.jpg,416,416,drowsy,161,168,244,303
GOPR0492_MP4-382_jpg.rf.8d7c793c4618292af0cb50763e6ea439.jpg,416,416,drowsy,150,176,246,292
GOPR0492_MP4-49_jpg.rf.922e6a2710a8e9c21f33bb0538e68297.jpg,416,416,awake,210,172,307,293
GOPR0492_MP4-224_jpg.rf.92283f064f9a84151e408514294f8489.jpg,416,416,awake,173,176,248,285
GOPR0492_MP4-127_jpg.rf.94acac556c93dc1bf265dddbc20d2735.jpg,416,416,drowsy,167,157,249,277
GOPR0492_MP4-449_jpg.rf.926ba5ab301acbeec2524f8e59a8ae03.jpg,416,416,awake,156,159,254,275
GOPR0492_MP4-278_jpg.rf.92644f7bfd6658cc5495ba2fd2070fe4.jpg,416,416,drowsy,170,171,258,288
GOPR0492_MP4-430_jpg.rf.94c3b09bfe216e16f185abd4162527ed.jpg,416,416,drowsy,181,167,262,272
GOPR0492_MP4-299_jpg.rf.92b8969c811144d3ed00e2f2988b63ce.jpg,416,416,drowsy,143,170,248,310
GOPR0492_MP4-99_jpg.rf.93c5c54499242f9c17ced04d32fa54d0.jpg,416,416,drowsy,151,157,246,287
GOPR0492_MP4-356_jpg.rf.931baec1eb43a96ed4b1bf746dc85d70.jpg,416,416,awake,145,167,248,275
GOPR0492_MP4-155_jpg.rf.93366c137bfdd88d87b81aafd8d5e3b1.jpg,416,416,drowsy,175,161,275,302
GOPR0492_MP4-432_jpg.rf.94386f71f4d5ea5cadcb3f8ca156ed9a.jpg,416,416,awake,137,169,237,278
GOPR0492_MP4-63_jpg.rf.9078ad5277f523eac605e5875de71cf9.jpg,416,416,drowsy,92,177,221,315
GOPR0492_MP4-383_jpg.rf.95d7c9fd8721feae58cca724fa3ac770.jpg,416,416,awake,160,177,232,279
GOPR0492_MP4-80_jpg.rf.94b15cd5e3d4eb21895e2efe721fc6c1.jpg,416,416,awake,191,170,305,311
GOPR0492_MP4-487_jpg.rf.916f7f8594880818e682dc1c44189f61.jpg,416,416,awake,176,175,261,275
GOPR0492_MP4-84_jpg.rf.95a4487c3664a56d1054e1c2427ab81b.jpg,416,416,awake,158,175,248,279
GOPR0492_MP4-111_jpg.rf.954b5d620d529def74e393fd56309351.jpg,416,416,awake,171,169,262,283
GOPR0492_MP4-236_jpg.rf.93202363bfac84ffdbb5ffaea98c8901.jpg,416,416,drowsy,181,188,320,341
GOPR0492_MP4-174_jpg.rf.9af23a4a57248c7a5c228e4dd9120e54.jpg,416,416,awake,136,175,243,295
GOPR0492_MP4-32_jpg.rf.95a4b7a80756ad441acbe05de1cfe267.jpg,416,416,awake,148,162,235,275
GOPR0492_MP4-262_jpg.rf.96b4bae1d450fbf62a3169ac65103a33.jpg,416,416,drowsy,169,170,250,285
GOPR0492_MP4-449_jpg.rf.9ab79a4b93b5688fd1551ce6a7c15554.jpg,416,416,awake,154,158,243,269
GOPR0492_MP4-123_jpg.rf.9a884ed9fc507a4a9d3d340517ce8f58.jpg,416,416,awake,156,174,250,281
GOPR0492_MP4-369_jpg.rf.96f3e09134bb4aa32b2d60485df9b480.jpg,416,416,awake,156,164,237,272
GOPR0492_MP4-11_jpg.rf.967df667d39d5086b792b7f145550296.jpg,416,416,awake,157,104,290,283
GOPR0492_MP4-371_jpg.rf.97418202e67cd3d3a53f456359bff345.jpg,416,416,awake,162,174,252,290
GOPR0492_MP4-364_jpg.rf.9b21fc85cb7131af6714fe1d541908c3.jpg,416,416,drowsy,146,174,246,283
GOPR0492_MP4-365_jpg.rf.98b6fda7a5ebe0102947330f89da692f.jpg,416,416,awake,144,177,245,282
GOPR0492_MP4-199_jpg.rf.9a2e793be8df69986909b4715cdea062.jpg,416,416,awake,142,164,237,286
GOPR0492_MP4-429_jpg.rf.97416d7412039ecaec4e6491680496de.jpg,416,416,awake,162,171,238,273
GOPR0492_MP4-271_jpg.rf.9c14a330006cdcf2cabbbd2fc2d5fa57.jpg,416,416,awake,149,170,241,289
GOPR0492_MP4-128_jpg.rf.9c6dd28d21770d4e969ae805b789c13b.jpg,416,416,drowsy,159,160,241,290
GOPR0492_MP4-52_jpg.rf.9cf268d840926144ce34000bba63f66f.jpg,416,416,awake,117,172,204,277
GOPR0492_MP4-472_jpg.rf.9d0e1aa319bf12dccb5d33087f46ae4d.jpg,416,416,awake,154,190,236,285
GOPR0492_MP4-267_jpg.rf.9d62aa80954c07da8a8fbca9ee677560.jpg,416,416,awake,163,162,247,282
GOPR0492_MP4-274_jpg.rf.9db57576dd72a19cd433e806db59348e.jpg,416,416,drowsy,139,172,223,293
GOPR0492_MP4-184_jpg.rf.9e1b20b24e8dff5fb413998b9d0b91e5.jpg,416,416,awake,144,166,238,283
GOPR0492_MP4-377_jpg.rf.9932e2afe91d1cf6b3883e53a240f955.jpg,416,416,awake,164,168,254,280
GOPR0492_MP4-25_jpg.rf.9cab08c25cbe5df1688185aff6fecbd1.jpg,416,416,drowsy,147,170,262,315
GOPR0492_MP4-353_jpg.rf.9d21e7e6e1bf68a65e3e832c550249d3.jpg,416,416,awake,130,168,227,268
GOPR0492_MP4-124_jpg.rf.9b558fcb5e2750e2bdaaaf4849dcf009.jpg,416,416,awake,144,168,244,290
GOPR0492_MP4-232_jpg.rf.9e177a27e19b7e4a66f3e313a5d4a236.jpg,416,416,drowsy,169,184,281,313
GOPR0492_MP4-353_jpg.rf.9eaf9b8d16daa2fd412f41a492bfd13f.jpg,416,416,awake,139,180,232,275
GOPR0492_MP4-266_jpg.rf.994e5834fea0cd2f1cb7149c1826de22.jpg,416,416,awake,169,167,251,288
GOPR0492_MP4-282_jpg.rf.9cabfcd298d6406830fc03622cfe83c4.jpg,416,416,drowsy,168,171,269,303
GOPR0492_MP4-111_jpg.rf.9b5cd23d0af73f82418dbd4632ba1a6a.jpg,416,416,awake,162,172,258,296
GOPR0492_MP4-57_jpg.rf.9f9480f6ec58bd1b0f5ed122e36e9580.jpg,416,416,drowsy,147,164,270,323
GOPR0492_MP4-460_jpg.rf.a1c04d5ee81dd39783bbe7964160e114.jpg,416,416,awake,144,174,234,279
GOPR0492_MP4-49_jpg.rf.a020891d4d1488aba307ccb4ec5347c4.jpg,416,416,awake,197,168,287,280
GOPR0492_MP4-505_jpg.rf.9f9ead4ed83229618db441f7100c3336.jpg,416,416,awake,173,191,260,291
GOPR0492_MP4-217_jpg.rf.a22966f550cdca99197b1184fb4c3cea.jpg,416,416,awake,180,162,266,278
GOPR0492_MP4-432_jpg.rf.a1d82a79ceb5129a825ea70d8e3a2729.jpg,416,416,awake,163,179,256,279
GOPR0492_MP4-88_jpg.rf.9f9de357f9482fd97962953331273447.jpg,416,416,awake,156,167,245,280
GOPR0492_MP4-470_jpg.rf.9e09e0a94f612c96a9985f7cb4481d9a.jpg,416,416,awake,154,172,236,268
GOPR0492_MP4-217_jpg.rf.a0924b186b907ff31ae2b450a3e948fb.jpg,416,416,awake,170,179,265,302
GOPR0492_MP4-20_jpg.rf.a1049418b3df66766131129e9b8c0ab5.jpg,416,416,drowsy,168,163,246,274
GOPR0492_MP4-221_jpg.rf.a26895b391bd62d1c08bd33ed4484d3b.jpg,416,416,awake,170,182,250,292
GOPR0492_MP4-319_jpg.rf.a25ebeac90568a89c2842840130fe7df.jpg,416,416,drowsy,164,188,254,299
GOPR0492_MP4-209_jpg.rf.a1260cf99812ab774bcb0b38a9d8556b.jpg,416,416,awake,171,170,245,275
GOPR0492_MP4-252_jpg.rf.a2d3ac5665e27484af9d0eae9815a838.jpg,416,416,drowsy,160,162,256,303
GOPR0492_MP4-180_jpg.rf.a12aeb90ffd54250219d4c6ed6fb6140.jpg,416,416,awake,139,159,246,290
GOPR0492_MP4-188_jpg.rf.a308d869fe2f6e38180838c688a2a083.jpg,416,416,awake,167,159,259,278
GOPR0492_MP4-461_jpg.rf.a013494bd4aab4871430be8e2fa4e294.jpg,416,416,awake,137,169,237,274
GOPR0492_MP4-375_jpg.rf.a23b17262784671b43ea27e90c78b6cb.jpg,416,416,awake,158,171,247,284
GOPR0492_MP4-511_jpg.rf.a2e3494533da8cecfc0cade5be92e44b.jpg,416,416,awake,154,174,250,283
GOPR0492_MP4-500_jpg.rf.a5e0eb422941d45bf3ff70c105d9c689.jpg,416,416,awake,165,186,245,283
GOPR0492_MP4-172_jpg.rf.a26187d129049d01005ad2ae8a002baf.jpg,416,416,awake,171,173,258,285
GOPR0492_MP4-136_jpg.rf.a2d53adb1442f8b22a1c3aef1a6b65c9.jpg,416,416,awake,153,170,231,274
GOPR0492_MP4-162_jpg.rf.a6a349f1696a840e23bfc81559a80051.jpg,416,416,awake,155,155,244,277
GOPR0492_MP4-277_jpg.rf.a3a4f720c9ab482e7983c0a1221f8071.jpg,416,416,drowsy,157,167,250,291
GOPR0492_MP4-463_jpg.rf.a3fce5a403eac59015f6562bfdfbe2ac.jpg,416,416,awake,185,182,268,290
GOPR0492_MP4-289_jpg.rf.a3f1a6ccda566077260eba91133a5a83.jpg,416,416,awake,191,160,302,307
GOPR0492_MP4-492_jpg.rf.a2632d17e4e1de230ba428586378dcab.jpg,416,416,awake,175,164,268,275
GOPR0492_MP4-468_jpg.rf.a5a3188159b5de7ff8d26f25d2bb9935.jpg,416,416,awake,121,170,209,283
GOPR0492_MP4-351_jpg.rf.a60a688680bf66ea334d176c698b48fe.jpg,416,416,awake,144,148,259,272
GOPR0492_MP4-138_jpg.rf.a4840ef83593f9763751ec4cddeae6df.jpg,416,416,awake,142,170,222,278
GOPR0492_MP4-458_jpg.rf.a0764d8a337194fdbb9ba3bee5226aad.jpg,416,416,drowsy,154,163,246,271
GOPR0492_MP4-187_jpg.rf.8e2bda19a06821a8d0ae227a3c8e4f2d.jpg,416,416,awake,187,166,287,285
GOPR0492_MP4-371_jpg.rf.94ebba3660cc814f2e511aaa1e33c0ea.jpg,416,416,awake,162,181,238,284
GOPR0492_MP4-224_jpg.rf.a74d609d20a40a6517e412e8f98615f6.jpg,416,416,awake,168,172,245,280
GOPR0492_MP4-234_jpg.rf.a96723aaeb838a6cb7c6d4346c7daedf.jpg,416,416,drowsy,158,171,267,309
GOPR0492_MP4-333_jpg.rf.a8a06928c63c18de4ab01ddb4e689406.jpg,416,416,awake,160,161,260,284
GOPR0492_MP4-381_jpg.rf.a9cc2c08c3c1887b66c3de3603738961.jpg,416,416,awake,157,171,241,276
GOPR0492_MP4-437_jpg.rf.aa099d4597fa3e9fe1f7c24e1445b4e6.jpg,416,416,awake,166,173,255,270
GOPR0492_MP4-423_jpg.rf.ae960017814cffd63cee2ca2d9321e86.jpg,416,416,awake,138,173,226,291
GOPR0492_MP4-110_jpg.rf.aefdfa5f9aa03c30e19d0c2f4b50b5e5.jpg,416,416,awake,188,160,271,272
GOPR0492_MP4-96_jpg.rf.aecad47fb0719ed17a2a9be70f62f29e.jpg,416,416,awake,189,174,268,281
GOPR0492_MP4-50_jpg.rf.a7cd627ab3317a8497a161e95f340878.jpg,416,416,awake,162,168,250,280
GOPR0492_MP4-445_jpg.rf.ad60b2032f89f846178aa5bab08c558a.jpg,416,416,drowsy,150,176,235,293
GOPR0492_MP4-167_jpg.rf.a9481d843fa2c815dab710dad8e413df.jpg,416,416,awake,154,161,251,294
GOPR0492_MP4-445_jpg.rf.ab37f349a0e8e637c5e95e1c7322be77.jpg,416,416,drowsy,146,169,242,298
GOPR0492_MP4-208_jpg.rf.ab331943e964a94bd21e5b4676254f11.jpg,416,416,awake,168,170,237,268
GOPR0492_MP4-428_jpg.rf.ad1485ca7996c3b398b7130dd985e558.jpg,416,416,awake,174,177,254,279
GOPR0492_MP4-425_jpg.rf.ab4642ec6a09d3ff0e6281857b262a69.jpg,416,416,awake,138,170,229,276
GOPR0492_MP4-0_jpg.rf.af3e30248ed8090056adc34984e11095.jpg,416,416,awake,167,117,298,295
GOPR0492_MP4-191_jpg.rf.ace683a506ac9a1a48bfd9d09f67596a.jpg,416,416,drowsy,162,161,261,310
GOPR0492_MP4-234_jpg.rf.a9e780a520357ca40864f198ce309cae.jpg,416,416,drowsy,162,172,268,306
GOPR0492_MP4-48_jpg.rf.ae3d36679e673e55dcaf811129a00a5b.jpg,416,416,drowsy,168,183,252,293
GOPR0492_MP4-10_jpg.rf.ad47d0949941a4eefda10c9de5791563.jpg,416,416,awake,157,79,299,257
GOPR0492_MP4-91_jpg.rf.aad5cd824f5de955b8f13b20fcc596a3.jpg,416,416,awake,128,172,225,280
GOPR0492_MP4-498_jpg.rf.ab2115ad5f8f40361999fc7d083c9343.jpg,416,416,awake,144,182,218,286
GOPR0492_MP4-244_jpg.rf.aae45214fa41b56885659704de0b1534.jpg,416,416,drowsy,130,162,262,325
GOPR0492_MP4-274_jpg.rf.aa250293a4471279e96f6f499b8a6f87.jpg,416,416,drowsy,124,171,211,297
GOPR0492_MP4-134_jpg.rf.af2a694ddadcbbb441e7db86ddaeab90.jpg,416,416,awake,148,163,250,277
GOPR0492_MP4-475_jpg.rf.ac65535b9760e9e95f8ef7f449c230a4.jpg,416,416,awake,178,184,254,279
GOPR0492_MP4-1_jpg.rf.b052219f727cac7efed90e842f8fa570.jpg,416,416,awake,149,89,284,251
GOPR0492_MP4-415_jpg.rf.b1200658be3f5c49562f27f811c93120.jpg,416,416,drowsy,133,173,234,286
GOPR0492_MP4-40_jpg.rf.b1531d28674fc46d3c6253e6dd80393c.jpg,416,416,awake,172,164,259,273
GOPR0492_MP4-232_jpg.rf.afa254b337aca2af1dd8c8e43bec148a.jpg,416,416,drowsy,181,183,289,308
GOPR0492_MP4-316_jpg.rf.b14f8790039c32236037d4e63157f8f6.jpg,416,416,drowsy,153,183,244,286
GOPR0492_MP4-150_jpg.rf.b23a913fd7d01faaad406ccced8fe4a3.jpg,416,416,drowsy,139,160,232,290
GOPR0492_MP4-217_jpg.rf.b1f0f505d9d763326b43a8ee20c44bd6.jpg,416,416,awake,149,157,234,272
GOPR0492_MP4-249_jpg.rf.b015db7293528f0e1c17b7ee9aacc061.jpg,416,416,drowsy,116,170,225,317
GOPR0492_MP4-27_jpg.rf.b31899159a87303d22b9c8e1fdca51ca.jpg,416,416,drowsy,155,168,278,312
GOPR0492_MP4-401_jpg.rf.b1c71ecd1f0c5a89f0757c6209eadd4f.jpg,416,416,drowsy,152,169,248,303
GOPR0492_MP4-118_jpg.rf.afd7cf88e651f1a72470a2c262b934f0.jpg,416,416,drowsy,176,166,255,278
GOPR0492_MP4-444_jpg.rf.b26b7d12a1e6458ca5a252058bf15f75.jpg,416,416,drowsy,154,173,260,317
GOPR0492_MP4-326_jpg.rf.b105cab7649197ee0aa9df9eafd0a279.jpg,416,416,drowsy,149,170,247,295
GOPR0492_MP4-37_jpg.rf.b245feac0ac7438d21353365d825320a.jpg,416,416,awake,151,159,239,271
GOPR0492_MP4-30_jpg.rf.b4c3581899500b479e8d27e8706fea51.jpg,416,416,drowsy,192,175,300,312
GOPR0492_MP4-365_jpg.rf.b2d43572c78103ea9bacfe02ba002135.jpg,416,416,awake,115,172,224,287
GOPR0492_MP4-333_jpg.rf.b4e8d91612a1efcaa1fffacf438f138c.jpg,416,416,awake,178,171,278,292
GOPR0492_MP4-93_jpg.rf.b442fa947139ff45ef2be1cbab94457b.jpg,416,416,awake,153,180,241,295
GOPR0492_MP4-472_jpg.rf.b2d9afb957d7011595f0b59ad666ff18.jpg,416,416,awake,129,177,217,276
GOPR0492_MP4-455_jpg.rf.b3eccc32b4d35232ccb2108512ef57cd.jpg,416,416,awake,179,174,263,277
GOPR0492_MP4-429_jpg.rf.b53e9e2d08de93327847e3139ec0628a.jpg,416,416,awake,187,182,260,286
GOPR0492_MP4-36_jpg.rf.b1f74bfec92665a3dad09e7356de32fb.jpg,416,416,awake,160,173,236,280
GOPR0492_MP4-407_jpg.rf.b5239799f576d6898a43921f8de45ab6.jpg,416,416,awake,135,173,239,287
GOPR0492_MP4-78_jpg.rf.b593992864a8860a5f0b4fd7d4d9a986.jpg,416,416,drowsy,197,177,320,319
GOPR0492_MP4-49_jpg.rf.b5db102f8d2aa5664570a06559560725.jpg,416,416,awake,203,166,289,275
GOPR0492_MP4-157_jpg.rf.b3329288cb4f3fb56c88680e8013ddde.jpg,416,416,drowsy,167,164,274,312
GOPR0492_MP4-64_jpg.rf.b5227e676af5920ab5a1dc29d58f3956.jpg,416,416,drowsy,112,174,203,279
GOPR0492_MP4-32_jpg.rf.b069b6f1123f218ba5fc1bde3131647f.jpg,416,416,awake,160,164,239,272
GOPR0492_MP4-235_jpg.rf.b5d55bf24e82f7d440621b94479867f8.jpg,416,416,drowsy,192,156,321,303
GOPR0492_MP4-331_jpg.rf.b8f340b83a2039907f0013c586649b45.jpg,416,416,awake,172,169,253,280
GOPR0492_MP4-125_jpg.rf.b503d468ed6932c26f4a403f06c50255.jpg,416,416,awake,166,158,260,270
GOPR0492_MP4-154_jpg.rf.b8e506ea654554a0e0e0ea88d33fbb15.jpg,416,416,drowsy,158,165,251,307
GOPR0492_MP4-201_jpg.rf.b8c58064dbdd49778a66f83b3d38ccdb.jpg,416,416,awake,130,175,216,292
GOPR0492_MP4-50_jpg.rf.b6fad5066e2ac09068d46c1e9ea2796d.jpg,416,416,awake,147,166,229,280
GOPR0492_MP4-83_jpg.rf.b99b15558a50340a1d80ce23d965ca32.jpg,416,416,awake,110,164,210,302
GOPR0492_MP4-356_jpg.rf.b7ef0ba92d660377204255489292e33a.jpg,416,416,awake,148,174,251,284
GOPR0492_MP4-190_jpg.rf.a9e45ac6ff9470be847ea965a7d623c5.jpg,416,416,drowsy,165,162,249,295
GOPR0492_MP4-500_jpg.rf.b79aec54b3a077b2fd4988ede12816aa.jpg,416,416,awake,162,180,252,286
GOPR0492_MP4-75_jpg.rf.ba5661312af3ed642e03f6ca3066a774.jpg,416,416,awake,181,162,271,280
GOPR0492_MP4-52_jpg.rf.b7f5ed5335129f0f9cc965ec8d44203c.jpg,416,416,awake,118,162,206,273
GOPR0492_MP4-509_jpg.rf.b65ef6cc34ac3184fe1cd440b155e183.jpg,416,416,awake,186,188,267,283
GOPR0492_MP4-421_jpg.rf.b677b40fa0712fa19e93d4de4867e0d1.jpg,416,416,drowsy,136,162,225,289
GOPR0492_MP4-254_jpg.rf.b9ede7f52fb3a37ae8f9e20aff9bd173.jpg,416,416,awake,163,173,254,293
GOPR0492_MP4-194_jpg.rf.ba2233ff47ab92125afcddadf46fe6d7.jpg,416,416,drowsy,170,173,258,311
GOPR0492_MP4-365_jpg.rf.b9c359ec63a53e92dec6aef4e1c5bab8.jpg,416,416,awake,135,170,236,275
GOPR0492_MP4-473_jpg.rf.b9a2f1ac3f38e41f7df1e705b2c2e1de.jpg,416,416,awake,144,173,237,279
GOPR0492_MP4-418_jpg.rf.ba578ab04914fe1513227b1a6f4f412a.jpg,416,416,drowsy,137,162,215,271
GOPR0492_MP4-125_jpg.rf.ba4d2367036bc1cbfe354c5c5f796190.jpg,416,416,awake,147,165,241,279
GOPR0492_MP4-352_jpg.rf.b82e2cebb6c7b5d5c6b5829a9d0a53e6.jpg,416,416,awake,155,171,255,276
GOPR0492_MP4-141_jpg.rf.bab8cbce96f19b8f19716f5bb41ac95c.jpg,416,416,awake,165,168,266,288
GOPR0492_MP4-222_jpg.rf.babb8fde7aaa859090bc014a6f2604f8.jpg,416,416,awake,165,170,246,277
GOPR0492_MP4-326_jpg.rf.b91ca305868438a4e01e17a4ebc4e744.jpg,416,416,drowsy,145,170,225,277
GOPR0492_MP4-521_jpg.rf.badff3261f27ede2d5896a171011f911.jpg,416,416,awake,151,173,240,274
GOPR0492_MP4-116_jpg.rf.babd3c17d50957287341a20379e4046c.jpg,416,416,drowsy,172,150,262,286
GOPR0492_MP4-457_jpg.rf.bb0c28934fbf260727d41aa5b0042908.jpg,416,416,awake,173,172,270,283
GOPR0492_MP4-247_jpg.rf.bb99e9110e7296773b7962f1918651d6.jpg,416,416,drowsy,130,167,241,304
GOPR0492_MP4-355_jpg.rf.b688aa9d96888f29d6828046261ac5f1.jpg,416,416,awake,143,184,229,278
GOPR0492_MP4-233_jpg.rf.bc02067d0d96a3a03ae3f5cf8b78b98c.jpg,416,416,drowsy,166,172,280,313
GOPR0492_MP4-331_jpg.rf.bc738c98bd3d9d2b6345dc0f5641511e.jpg,416,416,awake,163,174,252,288
GOPR0492_MP4-387_jpg.rf.bad68d0905a7331db9c35fd77c1ebbcb.jpg,416,416,drowsy,156,168,241,287
GOPR0492_MP4-292_jpg.rf.bab72bccb29afd8ad4d62523b6c3e595.jpg,416,416,drowsy,158,173,256,312
GOPR0492_MP4-222_jpg.rf.ba951ed963d59219fdf99fa0613cbe9f.jpg,416,416,awake,158,177,245,290
GOPR0492_MP4-147_jpg.rf.bbe59bc45538d8547502f97d078200be.jpg,416,416,awake,129,154,226,270
GOPR0492_MP4-77_jpg.rf.bc8c381cec6b4f3dce3e304a6c9944cf.jpg,416,416,drowsy,168,167,269,297
GOPR0492_MP4-350_jpg.rf.bc4aa509c9635c631a940dafea88f69b.jpg,416,416,awake,106,156,220,281
GOPR0492_MP4-227_jpg.rf.baaa04e6e335f5463fb9021d46e11c1b.jpg,416,416,drowsy,174,174,262,298
GOPR0492_MP4-150_jpg.rf.bbeba09d074329df5fd9679ea617be34.jpg,416,416,drowsy,158,171,241,295
GOPR0492_MP4-241_jpg.rf.bcfc9d4619979f615a065ffa85ff3903.jpg,416,416,drowsy,191,174,307,318
GOPR0492_MP4-520_jpg.rf.bcf23f3a83e11eea4faad5117ecf6a72.jpg,416,416,drowsy,170,165,265,301
GOPR0492_MP4-177_jpg.rf.be32fe44d661d4d2a7838bd87f70990d.jpg,416,416,awake,134,174,226,295
GOPR0492_MP4-93_jpg.rf.bcbd0321ae80f3e690de70c2fed4d62b.jpg,416,416,awake,170,172,245,274
GOPR0492_MP4-522_jpg.rf.bec3870886cc980a4705d3979d25d367.jpg,416,416,awake,143,174,234,278
GOPR0492_MP4-115_jpg.rf.bdd5fe2e938db9a3cb505758f3ab57d2.jpg,416,416,drowsy,153,159,240,286
GOPR0492_MP4-485_jpg.rf.bd84465a2eac8a8a30472b0a3619771e.jpg,416,416,awake,164,173,249,273
GOPR0492_MP4-359_jpg.rf.bee30f36b37127c0a1ed1da42d46311a.jpg,416,416,drowsy,143,185,241,291
GOPR0492_MP4-487_jpg.rf.bd4343eb006a1e990460e9285afb5f37.jpg,416,416,awake,181,174,265,273
GOPR0492_MP4-165_jpg.rf.bde2861c963043d93740717947f2e7ca.jpg,416,416,drowsy,149,171,244,291
GOPR0492_MP4-424_jpg.rf.bed480c198f8788c9f9258d88ef732eb.jpg,416,416,drowsy,155,176,244,285
GOPR0492_MP4-200_jpg.rf.bf90f26467e6f87b826f2a3d92c8480b.jpg,416,416,awake,149,177,228,290
GOPR0492_MP4-195_jpg.rf.bf8a8cbe014c889a952b2dbd18862282.jpg,416,416,drowsy,148,171,253,318
GOPR0492_MP4-291_jpg.rf.c167c1b1ce49f627ef5f9a4dd620176d.jpg,416,416,drowsy,166,166,274,302
GOPR0492_MP4-249_jpg.rf.be3b655a7b867c2f75213af04eb0d47f.jpg,416,416,drowsy,130,166,234,306
GOPR0492_MP4-71_jpg.rf.c344bff53f95a5943c7cac454ecc6665.jpg,416,416,drowsy,125,166,213,285
GOPR0492_MP4-240_jpg.rf.c09afd7843b8cc05bf67b251ebbf717f.jpg,416,416,drowsy,200,184,315,311
GOPR0492_MP4-155_jpg.rf.c11eee35dbb639bbbdb8049ab8dc2c33.jpg,416,416,drowsy,157,149,269,302
GOPR0492_MP4-473_jpg.rf.c2184a779a62ca187505d9451dfe0931.jpg,416,416,awake,164,190,247,288
GOPR0492_MP4-161_jpg.rf.c02d90b735e9d81dcda1de90b26c4213.jpg,416,416,drowsy,160,172,259,312
GOPR0492_MP4-397_jpg.rf.c20f562a9c64586c66bac93890aa7c6c.jpg,416,416,drowsy,163,175,256,287
GOPR0492_MP4-222_jpg.rf.c29bcf1780a049c63dcb8822e30e256b.jpg,416,416,awake,164,178,245,288
GOPR0492_MP4-438_jpg.rf.c2eb996d3e236aa42ea45cdb6cdcb41d.jpg,416,416,drowsy,166,175,256,279
GOPR0492_MP4-434_jpg.rf.c2d8edf8bbe81f56eef8747dcdd270b5.jpg,416,416,awake,157,166,256,273
GOPR0492_MP4-139_jpg.rf.c2d1d1ef944ef8d52bd579f60e548957.jpg,416,416,awake,139,171,219,271
GOPR0492_MP4-439_jpg.rf.c61245428c5ea478b78be0d1dc4022fd.jpg,416,416,awake,171,171,251,275
GOPR0492_MP4-316_jpg.rf.c6944a672570e5e31fcc29b109832939.jpg,416,416,drowsy,154,185,241,284
GOPR0492_MP4-199_jpg.rf.c45c12a25c1d6d4bc01a85932892ce88.jpg,416,416,awake,163,178,252,300
GOPR0492_MP4-173_jpg.rf.c768043f43cdad02f3299a202f20a92e.jpg,416,416,drowsy,161,183,240,298
GOPR0492_MP4-146_jpg.rf.c388c6425cf855387a356b5bca816421.jpg,416,416,awake,154,170,244,279
GOPR0492_MP4-53_jpg.rf.c21b7dd521580795da04ef66bd6d422d.jpg,416,416,awake,131,169,219,289
GOPR0492_MP4-321_jpg.rf.c5d60d4685b4631cfb41c60b4523dc16.jpg,416,416,drowsy,154,186,233,289
GOPR0492_MP4-226_jpg.rf.c67984ed44870e733b922465a61ba0a4.jpg,416,416,drowsy,170,168,261,296
GOPR0492_MP4-247_jpg.rf.c4c047bfea11e23f698f683a5ee88a04.jpg,416,416,drowsy,121,167,222,295
GOPR0492_MP4-240_jpg.rf.c3cc3e58c2d78bb1d6e6411e9ca9c29a.jpg,416,416,drowsy,209,180,319,302
GOPR0492_MP4-179_jpg.rf.c618f06c724b67fa1e9278f90e6604ce.jpg,416,416,drowsy,136,164,233,297
GOPR0492_MP4-61_jpg.rf.c80afcf49551a61b546ffec4761c6caa.jpg,416,416,drowsy,84,178,197,315
GOPR0492_MP4-127_jpg.rf.c8274f275251115dc35348f0cd7583c1.jpg,416,416,drowsy,162,167,240,286
GOPR0492_MP4-428_jpg.rf.c8ba9a7bc98639b5c75d0d7942af0b6c.jpg,416,416,awake,179,187,266,299
GOPR0492_MP4-293_jpg.rf.c3a3b9e2f0f961c44f2f76455d88c512.jpg,416,416,drowsy,166,172,257,308
GOPR0492_MP4-15_jpg.rf.c8eb2b10e88b03a846d03a7957968733.jpg,416,416,awake,164,166,240,275
GOPR0492_MP4-173_jpg.rf.c70c8e7e3433e1a6b74606511b86447a.jpg,416,416,drowsy,175,168,259,286
GOPR0492_MP4-206_jpg.rf.c8553698148514c17112ae3bf9ad73dc.jpg,416,416,awake,141,157,225,266
GOPR0492_MP4-161_jpg.rf.b2ecaf5df4d6400f2ee4cc1f5b03a9ce.jpg,416,416,drowsy,159,166,263,302
GOPR0492_MP4-67_jpg.rf.c7051770e1d15730e35cf562944422b7.jpg,416,416,drowsy,140,180,234,286
GOPR0492_MP4-154_jpg.rf.c8e0651e919c0bad185234ef73093e0a.jpg,416,416,drowsy,154,167,254,313
GOPR0492_MP4-59_jpg.rf.c5512636af50bc056af2651b638d5660.jpg,416,416,drowsy,148,157,271,312
GOPR0492_MP4-401_jpg.rf.caa91385b3e2ea78bbb872e0427d0ba2.jpg,416,416,drowsy,148,177,247,316
GOPR0492_MP4-460_jpg.rf.c9a54b8a12ac23a5395261ae14210639.jpg,416,416,awake,160,172,258,283
GOPR0492_MP4-34_jpg.rf.c8e643ae5afe301d291434085810ea71.jpg,416,416,awake,170,162,250,270
GOPR0492_MP4-476_jpg.rf.c9c6c896e16726d85791bbaac17168d9.jpg,416,416,awake,175,171,262,279
GOPR0492_MP4-16_jpg.rf.ca592356844efb9af58f5f3c6891dc32.jpg,416,416,drowsy,165,164,249,278
GOPR0492_MP4-233_jpg.rf.c8e2bfc651b332762ad7815816f296e9.jpg,416,416,drowsy,155,186,281,334
GOPR0492_MP4-309_jpg.rf.cc288fa18e0b7c08667d4d25d5c3f382.jpg,416,416,drowsy,169,176,261,278
GOPR0492_MP4-161_jpg.rf.cb62346c2b92cb72e5dbbd93946b7e4a.jpg,416,416,drowsy,163,171,248,297
GOPR0492_MP4-209_jpg.rf.cb889051c23d100218741a3eacfd6891.jpg,416,416,awake,160,162,243,274
GOPR0492_MP4-246_jpg.rf.cb8701a5386bd4567ea5c005cc97accd.jpg,416,416,drowsy,126,166,235,307
GOPR0492_MP4-185_jpg.rf.ca82f42c1305055d0b1764866d2e0604.jpg,416,416,awake,164,159,252,271
GOPR0492_MP4-318_jpg.rf.cc16a49b8355675ecd0a7f900738957e.jpg,416,416,drowsy,168,176,248,282
GOPR0492_MP4-484_jpg.rf.ca5ca6c3bab997000423b63d56f4ab23.jpg,416,416,awake,163,167,250,270
GOPR0492_MP4-355_jpg.rf.cbbb1932571db7c4a341e15603f0bd80.jpg,416,416,awake,131,175,230,282
GOPR0492_MP4-292_jpg.rf.ca82477e757108ff51f8943ab57c34f8.jpg,416,416,drowsy,165,171,261,307
GOPR0492_MP4-385_jpg.rf.cc1639cbdde8cf06e103a70593ec99ec.jpg,416,416,awake,164,164,250,284
GOPR0492_MP4-466_jpg.rf.d0a37844a5a9d263b08c2ea8a61141c6.jpg,416,416,awake,146,187,220,286
GOPR0492_MP4-505_jpg.rf.cfa0f17f6fc130006406517db922386d.jpg,416,416,awake,182,186,268,287
GOPR0492_MP4-363_jpg.rf.cf5dbfe7270cb55ee55495dd95fa6939.jpg,416,416,awake,140,169,234,276
GOPR0492_MP4-211_jpg.rf.cd0a8fcf430b06f9d5492d88d40e7784.jpg,416,416,awake,182,166,259,280
GOPR0492_MP4-297_jpg.rf.c90297cf64fce0cfd47e32154e9b91f2.jpg,416,416,drowsy,163,165,254,304
GOPR0492_MP4-103_jpg.rf.cf78c6ddd59dd67cb6132bd8cc8e9367.jpg,416,416,drowsy,238,179,372,326
GOPR0492_MP4-353_jpg.rf.cdefd3d7b798fdee69f086a5b3256c15.jpg,416,416,awake,136,180,241,285
GOPR0492_MP4-462_jpg.rf.cd56d5163ad65a883e985529f043df4e.jpg,416,416,awake,159,179,254,285
GOPR0492_MP4-442_jpg.rf.d0ce7283d336f50bd019ab3f62e57a4e.jpg,416,416,drowsy,131,157,241,295
GOPR0492_MP4-435_jpg.rf.d03a61bbd931960b03216c3205f91bde.jpg,416,416,awake,162,174,259,277
GOPR0492_MP4-181_jpg.rf.cf74091a98640f2a9d21923584033236.jpg,416,416,awake,144,167,238,284
GOPR0492_MP4-22_jpg.rf.ce1d669471208e43828b9163ae30dd74.jpg,416,416,drowsy,147,165,257,314
GOPR0492_MP4-477_jpg.rf.d0466a2b35822823133ecb7c2392b013.jpg,416,416,awake,171,162,256,282
GOPR0492_MP4-450_jpg.rf.ceb85bdae0feb0ae5b05bc453c8370a1.jpg,416,416,awake,167,171,249,276
GOPR0492_MP4-491_jpg.rf.d0e3c7f0d7c9f53a19e3c6d7ccf23409.jpg,416,416,awake,147,173,234,279
GOPR0492_MP4-99_jpg.rf.d0fa19ddd70c50e02d9ab6ca224b6046.jpg,416,416,drowsy,157,173,265,311
GOPR0492_MP4-363_jpg.rf.cf3270e92868a62196be694e86e2fd34.jpg,416,416,awake,146,182,243,293
GOPR0492_MP4-281_jpg.rf.d18f11eb662f5a711afc07d800c1cc54.jpg,416,416,drowsy,175,174,259,291
GOPR0492_MP4-46_jpg.rf.d21707e9c0fa785d50aa22a877f404e9.jpg,416,416,awake,140,173,230,291
GOPR0492_MP4-347_jpg.rf.d1711a85b0e3a000b3ba8fb7e1c1c015.jpg,416,416,awake,129,166,225,279
GOPR0492_MP4-61_jpg.rf.d3876298b914147f12d145005cb9d691.jpg,416,416,drowsy,100,163,219,307
GOPR0492_MP4-33_jpg.rf.d159f3ecc3fd49a2dcb3e75c6cd8a99b.jpg,416,416,awake,160,160,248,275
GOPR0492_MP4-112_jpg.rf.d24d168dbda455dda87ded6579fab571.jpg,416,416,awake,165,177,260,300
GOPR0492_MP4-13_jpg.rf.d28d090f2b22e5630bac00398624bdee.jpg,416,416,awake,184,110,308,282
GOPR0492_MP4-521_jpg.rf.d21efa50759fd6123163b314ae4c8e20.jpg,416,416,awake,151,174,262,295
GOPR0492_MP4-296_jpg.rf.d4329215780deaaa3bc4a155849389a1.jpg,416,416,drowsy,167,159,264,302
GOPR0492_MP4-70_jpg.rf.d2421e597523110490dfd72f3975c28b.jpg,416,416,drowsy,121,167,219,285
GOPR0492_MP4-123_jpg.rf.d5118943b8e2875f92ee04754dacc79f.jpg,416,416,awake,159,168,249,270
GOPR0492_MP4-190_jpg.rf.d2cf70422beeab82818288a7b8f15b91.jpg,416,416,drowsy,174,161,265,294
GOPR0492_MP4-144_jpg.rf.d3f64a7e9d9d19931fca6620ec268aca.jpg,416,416,awake,155,181,247,289
GOPR0492_MP4-418_jpg.rf.d403def2c4713bf33e4ca7c10f45bfc6.jpg,416,416,drowsy,157,165,247,281
GOPR0492_MP4-459_jpg.rf.d514a15ebab89ae88a1e1e0cca971a3f.jpg,416,416,awake,135,174,221,277
GOPR0492_MP4-138_jpg.rf.d55a0ca73419ccb0ce93b5dd1bd1ee53.jpg,416,416,awake,149,179,217,280
GOPR0492_MP4-452_jpg.rf.d577f1e0a6217452e7e463705591d9aa.jpg,416,416,drowsy,176,177,267,285
GOPR0492_MP4-41_jpg.rf.d5c325d7d1432735f719f66c58ced2d7.jpg,416,416,awake,180,161,273,280
GOPR0492_MP4-508_jpg.rf.d13d11d1b1191f9231fda8d93a1b1a51.jpg,416,416,awake,174,184,261,283
GOPR0492_MP4-532_jpg.rf.d56b025553e59f67a3910ca33a702744.jpg,416,416,awake,168,177,251,290
GOPR0492_MP4-255_jpg.rf.d2318d7b6d142ee57996be368ff3fd75.jpg,416,416,drowsy,158,169,240,292
GOPR0492_MP4-283_jpg.rf.d56b9f38d414f50b25745031e117f801.jpg,416,416,drowsy,162,162,266,290
GOPR0492_MP4-453_jpg.rf.d5470e80c8e142de3ffd870d3ba28e5d.jpg,416,416,awake,190,168,271,269
GOPR0492_MP4-427_jpg.rf.d58e4b4459de4adf13604e2459150fd7.jpg,416,416,awake,163,177,249,278
GOPR0492_MP4-242_jpg.rf.d731cafca6654690819c007a219c632d.jpg,416,416,drowsy,158,165,261,311
GOPR0492_MP4-327_jpg.rf.da5c071c2491f99d9e71de274c1bb7d5.jpg,416,416,drowsy,153,165,255,286
GOPR0492_MP4-419_jpg.rf.d683b0ae648f79f52669067fa60d2eaa.jpg,416,416,drowsy,153,169,233,286
GOPR0492_MP4-280_jpg.rf.d97ad0b0e28609372085ef1a3e42069b.jpg,416,416,drowsy,167,168,264,295
GOPR0492_MP4-291_jpg.rf.d9638ca05d512806025c5ef1c2d96153.jpg,416,416,drowsy,166,178,260,306
GOPR0492_MP4-511_jpg.rf.dad3c51ce85bc4d3cc0e42c39f8784f3.jpg,416,416,awake,181,182,276,295
GOPR0492_MP4-532_jpg.rf.d98f6c3f69daea7c334aa9be314024ed.jpg,416,416,awake,152,165,254,291
GOPR0492_MP4-488_jpg.rf.dab82149eed63759618b9070c40e8c06.jpg,416,416,awake,176,175,260,270
GOPR0492_MP4-425_jpg.rf.d9d6cb801bc62de34133f53ee934faea.jpg,416,416,awake,125,170,223,284
GOPR0492_MP4-14_jpg.rf.d78c18fca3743c548cfcc12df1d7c99b.jpg,416,416,awake,167,145,252,269
GOPR0492_MP4-146_jpg.rf.dac93e935f15cba821d73e97c2602cdb.jpg,416,416,awake,154,176,237,280
GOPR0492_MP4-364_jpg.rf.d82c270b1c1f3039f7cdc0cc7a606f2b.jpg,416,416,drowsy,145,169,251,281
GOPR0492_MP4-30_jpg.rf.da14ccc87dade3cedb87c47ea4213b4a.jpg,416,416,drowsy,198,172,318,320
GOPR0492_MP4-368_jpg.rf.db782a697f26ba16f8091b8341de3a31.jpg,416,416,awake,159,171,237,272
GOPR0492_MP4-358_jpg.rf.dac5c61d90106740e9ef09b12ff21fd7.jpg,416,416,awake,145,169,248,282
GOPR0492_MP4-513_jpg.rf.db786edc908d55e3206646cf0250e4c3.jpg,416,416,awake,163,186,242,283
GOPR0492_MP4-200_jpg.rf.db94ad5539b726e4c9a3d6d65249fd8f.jpg,416,416,awake,122,179,213,305
GOPR0492_MP4-88_jpg.rf.ddce0a6acfd6fa2828e38e28bb25febd.jpg,416,416,awake,150,162,242,277
GOPR0492_MP4-422_jpg.rf.ddb87d337f64e8321695c4b6e88f6f84.jpg,416,416,drowsy,155,168,232,286
GOPR0492_MP4-216_jpg.rf.dd5f0a0bec043fdfcf164e4cdf06867c.jpg,416,416,drowsy,181,175,264,283
GOPR0492_MP4-492_jpg.rf.db28769416d2eabc1e2896ced61b8c5b.jpg,416,416,awake,152,174,246,286
GOPR0492_MP4-55_jpg.rf.de8fe7ac8ac7a4a403235d287e073e8a.jpg,416,416,drowsy,167,166,255,289
GOPR0492_MP4-229_jpg.rf.dafd5603a201e803c5676d04f697a372.jpg,416,416,drowsy,175,164,270,302
GOPR0492_MP4-111_jpg.rf.dbb5d9c009e1ad8a79da9a232c37a462.jpg,416,416,awake,155,169,250,291
GOPR0492_MP4-198_jpg.rf.de7e3722a98fe45be14fc233d0b72368.jpg,416,416,awake,151,151,255,277
GOPR0492_MP4-521_jpg.rf.df48c7875ef1471f48a2831bedc1ea4f.jpg,416,416,awake,159,166,262,278
GOPR0492_MP4-71_jpg.rf.dc9ef730bb56a9124f6f305e4c37a48a.jpg,416,416,drowsy,145,163,233,277
GOPR0492_MP4-294_jpg.rf.db95222882f420223317f156b4f9ee4f.jpg,416,416,drowsy,156,162,267,311
GOPR0492_MP4-480_jpg.rf.d9021b995363f66b737ce62c953be3ad.jpg,416,416,awake,189,185,269,276
GOPR0492_MP4-324_jpg.rf.dfc04296ee13f3e983389d29b116c88d.jpg,416,416,drowsy,150,178,245,295
GOPR0492_MP4-405_jpg.rf.dfeba712d7d3fa1e88ebad43a49c0fac.jpg,416,416,awake,143,175,228,293
GOPR0492_MP4-168_jpg.rf.dbfabdafc0947ffaa0bf21f54c9fbd1a.jpg,416,416,awake,158,155,254,287
GOPR0492_MP4-37_jpg.rf.dc079c776588e95d755e53aa2594ae88.jpg,416,416,awake,158,169,236,271
GOPR0492_MP4-312_jpg.rf.dfcfcc2e4607f46f71de587df63b8a0c.jpg,416,416,drowsy,176,168,260,268
GOPR0492_MP4-447_jpg.rf.dfab1662399f00c4a463cc4178cdf39f.jpg,416,416,drowsy,144,167,235,293
GOPR0492_MP4-110_jpg.rf.deec5444d9d36bc31e4db09e727a812b.jpg,416,416,awake,177,164,259,270
GOPR0492_MP4-468_jpg.rf.dfdc6b888068875e11e20e5696921c43.jpg,416,416,awake,126,173,211,286
GOPR0492_MP4-195_jpg.rf.df0a32fe441fbbd25604c184d2fa5fea.jpg,416,416,drowsy,146,173,246,315
GOPR0492_MP4-56_jpg.rf.df221f95092d1f2455d4a55bb3ac1cd7.jpg,416,416,drowsy,162,168,260,314
GOPR0492_MP4-530_jpg.rf.e10d72166fb7314f0cd891fa53a90943.jpg,416,416,awake,156,182,236,291
GOPR0492_MP4-513_jpg.rf.de5bec0110fd3bad5d86925c2e8b81a8.jpg,416,416,awake,178,192,244,278
GOPR0492_MP4-64_jpg.rf.e0bcc4fe3e58018b26d06ca4bc838dcc.jpg,416,416,drowsy,91,161,193,276
GOPR0492_MP4-395_jpg.rf.e0fef7f9c2dc5c29cc92c11148b3d9f5.jpg,416,416,drowsy,187,172,276,279
GOPR0492_MP4-52_jpg.rf.df37ed681b0e7a28e81a6f59807a63db.jpg,416,416,awake,118,172,207,281
GOPR0492_MP4-162_jpg.rf.e174594b62390ceab322e0e4aae42501.jpg,416,416,awake,157,155,248,278
GOPR0492_MP4-43_jpg.rf.e0b46c1ef402aa452d9df421d264400d.jpg,416,416,awake,161,164,250,282
GOPR0492_MP4-293_jpg.rf.c05d9a8a7c3e4bc10d3b587c0b74c8dc.jpg,416,416,drowsy,159,168,252,302
GOPR0492_MP4-119_jpg.rf.e10ccad7b389d4a45a5aac7bae02e6f4.jpg,416,416,awake,170,170,261,287
GOPR0492_MP4-48_jpg.rf.d1ab05b7d14255df58e32a23f95db30c.jpg,416,416,drowsy,183,165,274,282
GOPR0492_MP4-328_jpg.rf.e1174ad5b98c63edc9e501f93a39f957.jpg,416,416,awake,149,172,235,281
GOPR0492_MP4-339_jpg.rf.dfdd767858829c3a9f00c5097178ab2d.jpg,416,416,awake,186,166,291,291
GOPR0492_MP4-202_jpg.rf.cc030a0c9f93454d3f16ade4b7e6b7e0.jpg,416,416,awake,140,166,218,276
GOPR0492_MP4-390_jpg.rf.b353ee9859711bdc3da435b37fc2fcf9.jpg,416,416,awake,149,167,244,282
GOPR0492_MP4-179_jpg.rf.006a991743b90904b0c6913c9d49d16a.jpg,416,416,drowsy,148,169,242,301
GOPR0492_MP4-332_jpg.rf.007e87fcaf75cc6dca6427078c0885fd.jpg,416,416,awake,150,170,244,291
GOPR0492_MP4-200_jpg.rf.003cf0e9e4317cf0d12570ab2d5f625a.jpg,416,416,awake,154,176,232,288
GOPR0492_MP4-421_jpg.rf.0049a4b0a5711382246642f4b0fc0dd0.jpg,416,416,drowsy,147,157,243,291
GOPR0492_MP4-119_jpg.rf.003e5109716e58648fd4b1892a5c49f6.jpg,416,416,awake,173,183,253,296
GOPR0492_MP4-88_jpg.rf.026b11a311f46aad5e69f83a8a458ec4.jpg,416,416,awake,149,159,246,276
GOPR0492_MP4-177_jpg.rf.025a5aff8f3cc824f4c2a8a317538024.jpg,416,416,awake,140,168,223,280
GOPR0492_MP4-277_jpg.rf.0232b94414c8f5eb93409665e88849af.jpg,416,416,drowsy,160,167,248,289
GOPR0492_MP4-470_jpg.rf.02a3b658c36f2ab976ce8464d05c02bb.jpg,416,416,awake,148,166,235,269
GOPR0492_MP4-101_jpg.rf.038850fcc24dce7eb5cf65313362e5c7.jpg,416,416,drowsy,205,162,342,316
GOPR0492_MP4-139_jpg.rf.0167efacc026b69bdb3447e0dcff825c.jpg,416,416,awake,141,171,228,280
GOPR0492_MP4-130_jpg.rf.045b2309e7ad9651eb215a6c85f3586a.jpg,416,416,drowsy,155,170,239,303
GOPR0492_MP4-206_jpg.rf.03635bc6611ea7fbf41388fb9105ecce.jpg,416,416,awake,152,163,235,275
GOPR0492_MP4-42_jpg.rf.05204936e343e07fe37a2e3406a79ace.jpg,416,416,awake,180,167,266,278
GOPR0492_MP4-196_jpg.rf.03ad4a5fd345cbf3ff6d9a5d48083cee.jpg,416,416,drowsy,122,161,235,304
GOPR0492_MP4-197_jpg.rf.00f41221740fe3c98e6bd6b8a77cff5b.jpg,416,416,awake,136,164,241,301
GOPR0492_MP4-36_jpg.rf.04290bcee4578bccc9c74e76a76425f6.jpg,416,416,awake,168,164,255,279
GOPR0492_MP4-0_jpg.rf.00209cfdd7156b1316a2064cd640c595.jpg,416,416,awake,173,118,310,291
GOPR0492_MP4-71_jpg.rf.0427c1ff4508b0449ad876cee5724cb8.jpg,416,416,drowsy,157,175,243,287
GOPR0492_MP4-347_jpg.rf.0534b0dc210135211ffd76adaca69946.jpg,416,416,awake,129,166,241,290
GOPR0492_MP4-376_jpg.rf.02c5f2d2b0b95490fefd09a1659b28af.jpg,416,416,awake,168,177,253,293
GOPR0492_MP4-120_jpg.rf.02d6a00a9eab3f56eb690cd11b4d5659.jpg,416,416,awake,163,174,237,272
GOPR0492_MP4-474_jpg.rf.057358727c78a1ed1412fa1340b3600c.jpg,416,416,awake,153,181,244,288
GOPR0492_MP4-112_jpg.rf.00968eecd4bcb59e65552551bafb8aae.jpg,416,416,awake,172,173,255,282
GOPR0492_MP4-283_jpg.rf.058a0b5387a8642b7c4cc3c5ade67d07.jpg,416,416,drowsy,175,163,277,296
GOPR0492_MP4-53_jpg.rf.05ae830a1f570171e70973e514ccaa89.jpg,416,416,awake,153,167,235,283
GOPR0492_MP4-422_jpg.rf.040daa7cef0deb0a194de5343220c485.jpg,416,416,drowsy,127,159,220,289
GOPR0492_MP4-376_jpg.rf.044fb8f2edc80a430b8547da8765c19c.jpg,416,416,awake,166,167,256,283
GOPR0492_MP4-152_jpg.rf.058e2e650ba71986e14cfc6171aeb6f4.jpg,416,416,drowsy,110,171,223,321
GOPR0492_MP4-404_jpg.rf.01bf2dc3d95ed1988f4dc5d0ef101158.jpg,416,416,drowsy,152,168,249,301
GOPR0492_MP4-339_jpg.rf.04b8518739fafea50e6390f48a0985ce.jpg,416,416,awake,181,161,275,277
GOPR0492_MP4-134_jpg.rf.05d9104a4ec7aea1c398697f56119f41.jpg,416,416,awake,140,153,250,275
GOPR0492_MP4-51_jpg.rf.05f6c866f456e53c89b363205ab7b402.jpg,416,416,awake,129,167,218,282
GOPR0492_MP4-522_jpg.rf.0887862f71c194dfcdb4c8e5e806fc11.jpg,416,416,awake,133,180,233,291
GOPR0492_MP4-302_jpg.rf.05e6cfaa9b0eb147249a6e1369f27cf5.jpg,416,416,drowsy,161,175,277,316
GOPR0492_MP4-316_jpg.rf.082e36e0daa8bd89c5cf585c007794e1.jpg,416,416,drowsy,162,184,245,281
GOPR0492_MP4-418_jpg.rf.08141d22118b0fd6af9007da53330f8e.jpg,416,416,drowsy,160,168,231,270
GOPR0492_MP4-169_jpg.rf.05cc2600489096fb4af9a7b12ff99cbe.jpg,416,416,awake,166,172,256,281
GOPR0492_MP4-67_jpg.rf.0766c17e7b13a6030058bab1b89c6fde.jpg,416,416,drowsy,119,186,205,284
GOPR0492_MP4-382_jpg.rf.062d5a9bb2ba4a695220f83bb9c8e887.jpg,416,416,drowsy,144,165,240,284
GOPR0492_MP4-246_jpg.rf.0af6eb78525524169085fa8a0d1bf5db.jpg,416,416,drowsy,133,174,248,321
GOPR0492_MP4-232_jpg.rf.0a09a47afc5583aa0f36d27b041db324.jpg,416,416,drowsy,177,187,293,317
GOPR0492_MP4-465_jpg.rf.0af832413c5525d6655f62a66a7c7b01.jpg,416,416,awake,161,191,239,302
GOPR0492_MP4-274_jpg.rf.0b1085300156e3de0e6590d261071421.jpg,416,416,drowsy,159,168,252,299
GOPR0492_MP4-475_jpg.rf.08e2e4ba27467128f909cb28fbbe505f.jpg,416,416,awake,174,185,251,281
GOPR0492_MP4-364_jpg.rf.0a2bac97c49901e08959e2e3ee26b972.jpg,416,416,drowsy,157,163,261,277
GOPR0492_MP4-211_jpg.rf.0a0053f0bdd91218dadc72d9668c521c.jpg,416,416,awake,162,169,241,280
GOPR0492_MP4-443_jpg.rf.07f116d5f317e28b57d5b9ed99f0776c.jpg,416,416,drowsy,146,175,231,297
GOPR0492_MP4-11_jpg.rf.0b3ad6d420a7db73f71081647b79becb.jpg,416,416,awake,157,105,289,289
GOPR0492_MP4-271_jpg.rf.0af20348b1e3ead430a459ad50c704b3.jpg,416,416,awake,140,170,233,288
GOPR0492_MP4-204_jpg.rf.07c14ef479a492414b1e1631dc512bd6.jpg,416,416,awake,140,165,229,278
GOPR0492_MP4-38_jpg.rf.0978f6301646e6db506f003920853590.jpg,416,416,awake,148,172,230,284
GOPR0492_MP4-173_jpg.rf.103090d0a205d23eb868ab719413713c.jpg,416,416,drowsy,157,171,246,288
GOPR0492_MP4-29_jpg.rf.0bf698246897d2af7dfb2848cd87fa46.jpg,416,416,drowsy,208,189,342,324
GOPR0492_MP4-509_jpg.rf.0e0b62f004096dea5d0a43ca22911458.jpg,416,416,awake,175,178,273,284
GOPR0492_MP4-447_jpg.rf.10525f71d0cb12e54768119dd62d4c05.jpg,416,416,drowsy,162,171,246,286
GOPR0492_MP4-46_jpg.rf.10576f0963ed60fa16f175c7d4bc03f7.jpg,416,416,awake,167,172,248,280
GOPR0492_MP4-377_jpg.rf.0c4974c820d16d71eba3466168dd2a18.jpg,416,416,awake,175,175,253,282
GOPR0492_MP4-320_jpg.rf.0c92c0e76c5a075cb2c54a8b79327d8c.jpg,416,416,drowsy,136,183,235,297
GOPR0492_MP4-358_jpg.rf.10bd0d96437071e271190d01b079417f.jpg,416,416,awake,136,179,235,288
GOPR0492_MP4-450_jpg.rf.10be1d20fc34b5e9eb8f38fd183a787a.jpg,416,416,awake,170,170,251,280
GOPR0492_MP4-376_jpg.rf.0d48afd020abf54dcfa16a1e6061280d.jpg,416,416,awake,157,177,247,292
GOPR0492_MP4-385_jpg.rf.0cf76a603efeb1c1cde6a65f633ffd3f.jpg,416,416,awake,142,152,236,282
GOPR0492_MP4-278_jpg.rf.0eac873b784e6d81866b910f6ae38609.jpg,416,416,drowsy,172,173,266,294
GOPR0492_MP4-268_jpg.rf.0d5f47243adf3331cbcf834cfe0bb2eb.jpg,416,416,drowsy,171,169,264,295
GOPR0492_MP4-319_jpg.rf.0d71afde9020d4fe2f5e12b47319df35.jpg,416,416,drowsy,137,166,227,275
GOPR0492_MP4-285_jpg.rf.0dcf3710c70bda150ba8666b7f148ea8.jpg,416,416,drowsy,169,161,268,297
GOPR0492_MP4-430_jpg.rf.11794eed9f95b66e3bc8bd9fd69ed88a.jpg,416,416,drowsy,165,174,248,283
GOPR0492_MP4-84_jpg.rf.0e81871cfa39c0b5ad472d97de5f132a.jpg,416,416,awake,156,178,243,280
GOPR0492_MP4-460_jpg.rf.119a6ca15ef462e0f14fc9cf90447a1f.jpg,416,416,awake,155,174,233,269
GOPR0492_MP4-187_jpg.rf.0cf5e059026f72dea2cca5488a300d44.jpg,416,416,awake,181,160,275,274
GOPR0492_MP4-399_jpg.rf.129a3467ac489712a766aa4823ff102e.jpg,416,416,drowsy,172,171,244,273
GOPR0492_MP4-94_jpg.rf.0cc1e115bf7b367175cb9b0768e2f73f.jpg,416,416,awake,169,180,243,282
GOPR0492_MP4-221_jpg.rf.12c8ab38acb54d85e27e6f2d6ddb887a.jpg,416,416,awake,166,171,249,281
GOPR0492_MP4-459_jpg.rf.0eb4515c9d938d953883478848ffeb25.jpg,416,416,awake,146,184,230,290
GOPR0492_MP4-196_jpg.rf.1422260bdbddebda2002d409cc1396a4.jpg,416,416,drowsy,129,168,249,316
GOPR0492_MP4-36_jpg.rf.119ce0edd5f6f6ba07bf4e8a4eea3d2d.jpg,416,416,awake,159,166,245,280
GOPR0492_MP4-78_jpg.rf.13116c7417a1c80270d11cdb152e1610.jpg,416,416,drowsy,204,175,319,311
GOPR0492_MP4-21_jpg.rf.12ffefc90a7bdb7e0e7d3a00193baefa.jpg,416,416,drowsy,125,165,238,316
GOPR0492_MP4-533_jpg.rf.13e0526f4b595484926ac821cbad526a.jpg,416,416,awake,146,173,235,288
GOPR0492_MP4-491_jpg.rf.150c191177f1226a7efa3b4c078775f5.jpg,416,416,awake,182,190,271,298
GOPR0492_MP4-155_jpg.rf.13e508b50281d825a1af2a79cbad7227.jpg,416,416,drowsy,166,167,264,307
GOPR0492_MP4-91_jpg.rf.15c6727ecd95e1ef7502b73ca0c1a9ba.jpg,416,416,awake,142,177,236,282
GOPR0492_MP4-87_jpg.rf.144ade167116c95b4ad866885c88b213.jpg,416,416,awake,162,164,244,278
GOPR0492_MP4-171_jpg.rf.152b7e66f05af7bee871c03edfe95ad2.jpg,416,416,awake,176,176,263,285
GOPR0492_MP4-531_jpg.rf.1313428da734a78a5010fe2f63271093.jpg,416,416,awake,167,176,251,285
GOPR0492_MP4-191_jpg.rf.138d65d00638ea40e3b9f52934057f7b.jpg,416,416,drowsy,156,160,257,304
GOPR0492_MP4-55_jpg.rf.15d08b8003327a122118379a34c0031d.jpg,416,416,drowsy,171,160,254,283
GOPR0492_MP4-54_jpg.rf.153827c52717fe81657028b611f3cfe4.jpg,416,416,drowsy,163,162,249,281
GOPR0492_MP4-95_jpg.rf.15c2011aca3158aa90d49b576e026b2d.jpg,416,416,awake,164,170,247,280
GOPR0492_MP4-302_jpg.rf.164263e1d2884857f91e8c27f4034d5a.jpg,416,416,drowsy,158,174,269,308
GOPR0492_MP4-452_jpg.rf.155c5aa7ffe5d67957884e1bed4e5a69.jpg,416,416,drowsy,173,168,258,267
GOPR0492_MP4-180_jpg.rf.0e1ad3998ad6c81b756534d4d43b8b5c.jpg,416,416,awake,154,173,261,305
GOPR0492_MP4-241_jpg.rf.167e5d0d48233f6e0e70b928946c99e1.jpg,416,416,drowsy,191,174,301,308
GOPR0492_MP4-183_jpg.rf.16535e85e856488d253c54f4c1bb8796.jpg,416,416,awake,150,176,229,279
GOPR0492_MP4-79_jpg.rf.166a23a81f21c55e61f4cc6b46ce36e9.jpg,416,416,awake,205,168,315,306
GOPR0492_MP4-443_jpg.rf.15f802f5791d9a2d10803479d91e7943.jpg,416,416,drowsy,149,162,242,296
GOPR0492_MP4-89_jpg.rf.16d00e12a0f16b9074f613df2f0a3aed.jpg,416,416,drowsy,157,163,254,282
GOPR0492_MP4-435_jpg.rf.1745b5aa6396e3451614330e3ca9a694.jpg,416,416,awake,153,181,264,301
GOPR0492_MP4-429_jpg.rf.17042152c1aba51e0db65431a2058945.jpg,416,416,awake,182,171,269,285
GOPR0492_MP4-229_jpg.rf.176e2fbd4f41bfe5e6fcf028a52d7922.jpg,416,416,drowsy,169,163,259,301
GOPR0492_MP4-226_jpg.rf.1947d47ad93db8cac54f8ac8090062f0.jpg,416,416,drowsy,169,169,266,301
GOPR0492_MP4-383_jpg.rf.18668d347faa76de57d1c0b1a42d0da0.jpg,416,416,awake,153,175,229,280
GOPR0492_MP4-211_jpg.rf.197a2b82a4a5e72cba6e179a7fcdd19a.jpg,416,416,awake,150,169,235,286
GOPR0492_MP4-415_jpg.rf.181a702fd02c15bceec8943599281c90.jpg,416,416,drowsy,144,172,235,275
GOPR0492_MP4-206_jpg.rf.18f6b39524f0e97c52caa9a0bfe6b839.jpg,416,416,awake,144,164,230,276
GOPR0492_MP4-387_jpg.rf.1a7e638cc99b3298e1a5d7aca5304d56.jpg,416,416,drowsy,153,172,234,292
GOPR0492_MP4-172_jpg.rf.18c85747878b64c84de88a1d223f4ed6.jpg,416,416,awake,165,172,249,280
GOPR0492_MP4-439_jpg.rf.15171120ae42b01a8532a84edd87fc3f.jpg,416,416,awake,173,174,250,274
GOPR0492_MP4-297_jpg.rf.17f72e3bb2e30428dcfee945cff4808f.jpg,416,416,drowsy,149,152,266,313
GOPR0492_MP4-268_jpg.rf.1776daede430bc3cbde46622e256f63c.jpg,416,416,drowsy,166,160,248,279
GOPR0492_MP4-171_jpg.rf.191712ac6d12c6323dae85eea3fe80e3.jpg,416,416,awake,179,173,275,291
GOPR0492_MP4-444_jpg.rf.1aee3ebc44624a826e791a2c56994cd9.jpg,416,416,drowsy,163,162,253,296
GOPR0492_MP4-199_jpg.rf.1ca54b0adf117d4709589e81f555f1a6.jpg,416,416,awake,142,176,230,297
GOPR0492_MP4-197_jpg.rf.1a899a4685b4c293101e12023a47ce29.jpg,416,416,awake,130,160,236,296
GOPR0492_MP4-180_jpg.rf.1a96f873ea5fb33895bed22754c32fd1.jpg,416,416,awake,122,166,227,297
GOPR0492_MP4-179_jpg.rf.1cb5a4b3777bc77234b616c4e2d3642d.jpg,416,416,drowsy,137,166,228,294
GOPR0492_MP4-130_jpg.rf.18503b28f8aca56ed15c1788062e2af2.jpg,416,416,drowsy,142,162,232,303
GOPR0492_MP4-168_jpg.rf.1d0585585746efdc4b928d5ae6463512.jpg,416,416,awake,140,153,227,281
GOPR0492_MP4-457_jpg.rf.1568e8e31797f5e1ea12b11b3935b6fb.jpg,416,416,awake,172,184,257,285
GOPR0492_MP4-107_jpg.rf.1a6223169acb0a176b6d90458cfd0638.jpg,416,416,awake,168,167,261,287
GOPR0492_MP4-229_jpg.rf.1af9b686aeb9f16ae7fd145a6a803262.jpg,416,416,drowsy,179,162,259,289
GOPR0492_MP4-442_jpg.rf.1bb82425ce248ce1a0fc2856690f9150.jpg,416,416,drowsy,138,170,229,294
GOPR0492_MP4-348_jpg.rf.1ad0ee9edfe6ec17ec111acffd461592.jpg,416,416,awake,134,171,229,302
GOPR0492_MP4-485_jpg.rf.1d1bc23530501b0041fd0f2c4a971167.jpg,416,416,awake,156,173,242,274
GOPR0492_MP4-433_jpg.rf.1d7b56917793a7166877a32fdcb8a928.jpg,416,416,awake,149,174,248,284
GOPR0492_MP4-226_jpg.rf.1e1631b3106f3e6df196eea03cbc29aa.jpg,416,416,drowsy,189,164,289,296
GOPR0492_MP4-461_jpg.rf.1d28ea488c49051104c1e68bd4519c87.jpg,416,416,awake,149,166,250,272
GOPR0492_MP4-157_jpg.rf.1ff42a1bfc0df2433f048dc3895092a3.jpg,416,416,drowsy,176,162,263,297
GOPR0492_MP4-485_jpg.rf.1e077ee9db483d5cda9fce656537c674.jpg,416,416,awake,168,177,266,291
GOPR0492_MP4-77_jpg.rf.20b4408dd64a679eb71f3f300fd0b6a2.jpg,416,416,drowsy,178,168,279,297
GOPR0492_MP4-54_jpg.rf.1ddca54339c68278f3dd40f97361cb8b.jpg,416,416,drowsy,172,170,257,287
GOPR0492_MP4-448_jpg.rf.1f0ef1b9b61cc7af35753c7196b56f5e.jpg,416,416,drowsy,176,170,260,284
GOPR0492_MP4-26_jpg.rf.22c7247e84f7b642b1fcacf0a25cfcba.jpg,416,416,drowsy,160,175,286,336
GOPR0492_MP4-442_jpg.rf.210e7e9c97883ae14ee50d533aa6918b.jpg,416,416,drowsy,134,161,241,300
GOPR0492_MP4-184_jpg.rf.22f63cc6a9565e6cdda15d718337834c.jpg,416,416,awake,155,175,241,284
GOPR0492_MP4-372_jpg.rf.22880cf379a6c4f083e7242d9294274b.jpg,416,416,awake,132,163,235,285
GOPR0492_MP4-19_jpg.rf.1e13934b196127c41fcd7fc6053d2fb7.jpg,416,416,awake,145,154,234,271
GOPR0492_MP4-345_jpg.rf.1f75484006b2aa10c6d6ad09a5789e1f.jpg,416,416,awake,161,163,266,281
GOPR0492_MP4-515_jpg.rf.202c0d3bd28fe99e6017ac68823c6384.jpg,416,416,awake,134,178,231,285
GOPR0492_MP4-497_jpg.rf.21e73e69549a002cd7ad912859328b30.jpg,416,416,drowsy,160,184,240,282
GOPR0492_MP4-10_jpg.rf.21e9b0d732b4138db4ac1d0781d67500.jpg,416,416,awake,167,80,315,265
GOPR0492_MP4-236_jpg.rf.22ab9ed20471ddfb4f150970f6663f8b.jpg,416,416,drowsy,175,173,308,324
GOPR0492_MP4-101_jpg.rf.20dab51b7fdd53c740b69c53d257f1ca.jpg,416,416,drowsy,225,167,354,313
GOPR0492_MP4-99_jpg.rf.23be656a62f4cdb5ed4278184e4e1a56.jpg,416,416,drowsy,170,170,262,292
GOPR0492_MP4-505_jpg.rf.23016369c9cb55f50f986a3feb0a72bc.jpg,416,416,awake,172,175,260,277
GOPR0492_MP4-245_jpg.rf.22eae36c349d3668109cf0740d33ccd7.jpg,416,416,drowsy,134,160,237,305
GOPR0492_MP4-282_jpg.rf.238e5b336b29e7debafd032307612b4c.jpg,416,416,drowsy,188,162,288,299
GOPR0492_MP4-22_jpg.rf.21c18f9e8279c642784079d4638a1f52.jpg,416,416,drowsy,149,165,256,313
GOPR0492_MP4-97_jpg.rf.1e7e37f939fa5cc541570b8329292980.jpg,416,416,awake,158,172,253,296
GOPR0492_MP4-530_jpg.rf.23dfd2858f14d646622907338ead0f5b.jpg,416,416,awake,150,171,245,289
GOPR0492_MP4-73_jpg.rf.24b2cdb62fda93ebf0e5dc497405f30f.jpg,416,416,awake,177,164,267,275
GOPR0492_MP4-34_jpg.rf.24b6aea07709b8cd1f1cea53f0421087.jpg,416,416,awake,157,166,245,278
GOPR0492_MP4-323_jpg.rf.284416106fca509881dafb7d51844aad.jpg,416,416,drowsy,158,171,250,283
GOPR0492_MP4-370_jpg.rf.23f8a6f2986d9fc2940c96576b413328.jpg,416,416,awake,149,172,239,290
GOPR0492_MP4-262_jpg.rf.2817db291275f7b77790fd33b2b9e324.jpg,416,416,drowsy,159,170,243,286
GOPR0492_MP4-420_jpg.rf.2473e9c4eb3df9f6e181c85b90de733f.jpg,416,416,drowsy,153,167,230,285
GOPR0492_MP4-150_jpg.rf.2641e058376252b41d007d6c40854677.jpg,416,416,drowsy,155,175,257,316
GOPR0492_MP4-455_jpg.rf.278da99720864ba3b1993ed493bebee1.jpg,416,416,awake,178,174,250,271
GOPR0492_MP4-278_jpg.rf.25c5a1897ba80706b0b9b67b894486db.jpg,416,416,drowsy,175,170,259,286
GOPR0492_MP4-469_jpg.rf.27c85a792862718d6f18df8e797008f8.jpg,416,416,awake,143,165,218,260
GOPR0492_MP4-73_jpg.rf.2764704d1fe5e66f50e18fc3a7270528.jpg,416,416,awake,175,177,247,274
GOPR0492_MP4-532_jpg.rf.29a09837770e69469ad5e76a31afe448.jpg,416,416,awake,175,172,260,285
GOPR0492_MP4-324_jpg.rf.276bebba957339d5debad9e4f72a7d3d.jpg,416,416,drowsy,162,179,243,283
GOPR0492_MP4-324_jpg.rf.2a1791f35fa84e794ca9602f177e4e97.jpg,416,416,drowsy,133,169,231,291
GOPR0492_MP4-528_jpg.rf.1b3319a0410680b15a134064a4e587b5.jpg,416,416,awake,154,172,250,285
GOPR0492_MP4-356_jpg.rf.2a0442c62f310b1166ea3117e148812f.jpg,416,416,awake,131,184,221,279
GOPR0492_MP4-381_jpg.rf.27667d689b0a33f7894a8d8e776840ed.jpg,416,416,awake,145,167,234,274
GOPR0492_MP4-360_jpg.rf.27aa9ccc1587498af3ba761b5c21a5ad.jpg,416,416,awake,147,152,255,268
GOPR0492_MP4-438_jpg.rf.25cc0d30ce9ae33dcdccff803f246887.jpg,416,416,drowsy,164,182,257,291
GOPR0492_MP4-27_jpg.rf.28bda10e8682f8ca2cbd7ee78634b122.jpg,416,416,drowsy,173,186,312,344
GOPR0492_MP4-201_jpg.rf.2a63c0a1936329050f158b1f21b216e8.jpg,416,416,awake,141,177,231,295
GOPR0492_MP4-399_jpg.rf.2974fcbeb59d82f7f8d77b5efdc0424c.jpg,416,416,drowsy,166,174,245,279
GOPR0492_MP4-58_jpg.rf.262e00cc5a8c0aae1fafd9af2678ce3e.jpg,416,416,drowsy,144,156,253,304
GOPR0492_MP4-395_jpg.rf.22c1e1a68d5ff7a9ac2826d4e1e8f508.jpg,416,416,drowsy,179,183,259,285
GOPR0492_MP4-104_jpg.rf.2ac42c03fa00239928a1fcbc48f4a812.jpg,416,416,drowsy,246,151,384,314
GOPR0492_MP4-209_jpg.rf.2a520f08629565eb88e799542ebef9b2.jpg,416,416,awake,162,166,240,272
GOPR0492_MP4-346_jpg.rf.2a64b95b1669a662ddda183a12472cf3.jpg,416,416,awake,153,179,251,288
GOPR0492_MP4-250_jpg.rf.241029238a6cb0ee4ce3a629415ee3b0.jpg,416,416,drowsy,136,161,238,301
GOPR0492_MP4-136_jpg.rf.30ec973a191f07de52eee5e44965ea85.jpg,416,416,awake,141,163,228,277
GOPR0492_MP4-94_jpg.rf.2f3a83d0c67b85d21e09ffd4dc820484.jpg,416,416,awake,152,164,243,281
GOPR0492_MP4-396_jpg.rf.315b9c5d3fb92fd95e20934c0b4c64c9.jpg,416,416,awake,169,177,244,285
GOPR0492_MP4-174_jpg.rf.31baf5502dbc4418a33cb3ffdfb9a4c0.jpg,416,416,awake,146,158,253,280
GOPR0492_MP4-143_jpg.rf.2eebce9395e85d031b3afc3234c17ac4.jpg,416,416,awake,143,169,232,271
GOPR0492_MP4-533_jpg.rf.301c774d03691566b090148702e20945.jpg,416,416,awake,137,168,223,288
GOPR0492_MP4-51_jpg.rf.2c2553953881b744ff9d24cca17fd8a0.jpg,416,416,awake,130,168,218,283
GOPR0492_MP4-457_jpg.rf.2ad4dc974ff5a2e9ad0aa48cba4b638a.jpg,416,416,awake,174,173,266,279
GOPR0492_MP4-63_jpg.rf.3041c614fe25c209628353fc0048e2bd.jpg,416,416,drowsy,106,176,226,312
GOPR0492_MP4-249_jpg.rf.2c245d8d58dd5b8ad56905535693f47b.jpg,416,416,drowsy,141,172,240,308
GOPR0492_MP4-352_jpg.rf.2fb13afd8cce1247f03eda4686cb6b57.jpg,416,416,awake,140,185,234,285
GOPR0492_MP4-239_jpg.rf.31004b79488b1bdc304d000c43f60793.jpg,416,416,drowsy,213,191,327,310
GOPR0492_MP4-342_jpg.rf.30cd6625a2385f0b087a8098c63cbf88.jpg,416,416,awake,163,171,252,282
GOPR0492_MP4-280_jpg.rf.2d2207358a53e14675738de38be21b54.jpg,416,416,drowsy,167,167,249,284
GOPR0492_MP4-358_jpg.rf.2bc1b02a43e734827c5eec19e606a074.jpg,416,416,awake,130,183,223,285
GOPR0492_MP4-40_jpg.rf.2c3d500a63ab496b06a8149e6119dd53.jpg,416,416,awake,172,170,262,284
GOPR0492_MP4-433_jpg.rf.2b07384aa0fa94d8e5e99c2bab2a05b1.jpg,416,416,awake,137,168,246,287
GOPR0492_MP4-413_jpg.rf.300d3d148fecbdb5bec3f41f30ca3be3.jpg,416,416,awake,128,169,233,282
GOPR0492_MP4-236_jpg.rf.2fff9bb9d6c640578b2fe4d86b39f80b.jpg,416,416,drowsy,190,165,324,316
GOPR0492_MP4-432_jpg.rf.2b395091ae5db0d8c99efd5d728e23fb.jpg,416,416,awake,146,179,243,286
GOPR0492_MP4-379_jpg.rf.33330fa07b6a359e4eb3a61387a5d1ff.jpg,416,416,awake,142,171,228,280
GOPR0492_MP4-106_jpg.rf.3475ab2c501e24d471bad6b8dd1c390f.jpg,416,416,awake,206,162,313,302
GOPR0492_MP4-165_jpg.rf.30043ea9b8e9130a7be431050a2dab54.jpg,416,416,drowsy,148,157,234,269
GOPR0492_MP4-328_jpg.rf.341a3d36fc8997da907f01693171061b.jpg,416,416,awake,141,178,230,291
GOPR0492_MP4-472_jpg.rf.32f7821f951b78b8a288de6b0aa76e80.jpg,416,416,awake,136,182,223,281
GOPR0492_MP4-524_jpg.rf.336f547b780fb90cfcdaf5830a3f8095.jpg,416,416,awake,145,181,240,283
GOPR0492_MP4-303_jpg.rf.320a91f171bc8063f2f7720b017fd61c.jpg,416,416,drowsy,143,193,252,313
GOPR0492_MP4-96_jpg.rf.3470f2bc13fab81e179ab461923f9cec.jpg,416,416,awake,170,179,254,292
GOPR0492_MP4-42_jpg.rf.32893a35411c9619a1de26654927db01.jpg,416,416,awake,183,167,275,287
GOPR0492_MP4-19_jpg.rf.3203a7b39f64e42f40a5f72a143e5113.jpg,416,416,awake,160,160,241,272
GOPR0492_MP4-395_jpg.rf.31c08bc5acf4a04517945efe7ad21659.jpg,416,416,drowsy,180,172,268,278
GOPR0492_MP4-198_jpg.rf.3500e677ed37301c3c0f205b11f72b7c.jpg,416,416,awake,160,155,259,278
GOPR0492_MP4-78_jpg.rf.333d954370db08e307996816db2a67f0.jpg,416,416,drowsy,221,177,339,317
GOPR0492_MP4-172_jpg.rf.35b0c13abeb2b574f0c0db09cf34dd30.jpg,416,416,awake,154,168,245,281
GOPR0492_MP4-497_jpg.rf.3537d37346317b6f54e738605b5fd20b.jpg,416,416,drowsy,156,189,248,300
GOPR0492_MP4-351_jpg.rf.35bf68d803f94424e8f7967fb7464f1c.jpg,416,416,awake,112,161,220,277
GOPR0492_MP4-215_jpg.rf.36a8a9e6dbdf5088b8a71c257f81babf.jpg,416,416,awake,183,173,263,277
GOPR0492_MP4-93_jpg.rf.3246b322cba9f3510a0f919f424ff81d.jpg,416,416,awake,165,170,242,274
GOPR0492_MP4-350_jpg.rf.3726fd05f6aeed332184f43f9072c4fc.jpg,416,416,awake,109,174,208,288
GOPR0492_MP4-319_jpg.rf.350306bc7cbb16b76353d0b224e3058b.jpg,416,416,drowsy,162,181,249,286
GOPR0492_MP4-372_jpg.rf.37d74c96725e9d5a79888c1b1d73ceb8.jpg,416,416,awake,158,182,243,287
GOPR0492_MP4-352_jpg.rf.364301f8dad79bb9c8648196215f1efc.jpg,416,416,awake,139,177,235,274
GOPR0492_MP4-444_jpg.rf.38976f35f57f78a96446dff2dcff09ef.jpg,416,416,drowsy,160,172,244,299
GOPR0492_MP4-491_jpg.rf.36f002a5deb0818687cc1cbd3cbfa4d1.jpg,416,416,awake,177,186,260,288
GOPR0492_MP4-480_jpg.rf.3770ee4d6a7bff72609a707d781728c7.jpg,416,416,awake,187,182,263,269
GOPR0492_MP4-346_jpg.rf.35c410a562fdc97de6b3f56592dfa94d.jpg,416,416,awake,162,186,258,294
GOPR0492_MP4-470_jpg.rf.387905a598535d565f2b16fcfc03c41e.jpg,416,416,awake,152,176,229,271
GOPR0492_MP4-421_jpg.rf.37ab5d0231fa9356b9ed15ccb28fefe1.jpg,416,416,drowsy,158,162,258,300
GOPR0492_MP4-531_jpg.rf.3989e5417b34bb0625e5bb994a11a106.jpg,416,416,awake,148,165,255,295
GOPR0492_MP4-68_jpg.rf.3684eda446cab2be34eea91f0e28065f.jpg,416,416,drowsy,118,173,212,280
GOPR0492_MP4-381_jpg.rf.360e9a7d013b0ce9f4ec3e35b29fef31.jpg,416,416,awake,128,167,222,283
GOPR0492_MP4-41_jpg.rf.389e94d921534173742989ed9bf65784.jpg,416,416,awake,180,156,267,274
GOPR0492_MP4-61_jpg.rf.366dbecd5f460a10a37e05638e244ec8.jpg,416,416,drowsy,117,165,232,303
GOPR0492_MP4-33_jpg.rf.39bb95548abf88e9a550a9c9fca9511e.jpg,416,416,awake,158,166,241,279
GOPR0492_MP4-375_jpg.rf.3abf47516bf8830e979c87088b42da06.jpg,416,416,awake,174,172,267,290
GOPR0492_MP4-15_jpg.rf.3cdc40e4c563dca55a4de38fb8731b3b.jpg,416,416,awake,162,172,248,291
GOPR0492_MP4-413_jpg.rf.3a6c1384ad361f4980c94b8ea920bee6.jpg,416,416,awake,137,167,240,279
GOPR0492_MP4-321_jpg.rf.3b7eeebdfd19cfacd09295f0380eb560.jpg,416,416,drowsy,154,174,239,278
GOPR0492_MP4-528_jpg.rf.39c403e71d4083be33724d96cc1d5e49.jpg,416,416,awake,159,179,262,300
GOPR0492_MP4-452_jpg.rf.39e8a89d5c0ee3a0e4584e2663d8881b.jpg,416,416,drowsy,169,166,257,268
GOPR0492_MP4-157_jpg.rf.3e1423c688b3e7edbdd95091eb4987e5.jpg,416,416,drowsy,163,164,260,303
GOPR0492_MP4-359_jpg.rf.3cddf3c076fbcab2602621509c2ac518.jpg,416,416,drowsy,124,183,220,286
GOPR0492_MP4-342_jpg.rf.39d21efe544ad697a0fe5f6c857db938.jpg,416,416,awake,139,165,236,282
GOPR0492_MP4-468_jpg.rf.3b9df7523dcfeb63672619cfb3d48e1a.jpg,416,416,awake,138,168,215,272
GOPR0492_MP4-96_jpg.rf.2b56c5bf6cd2e48a021912a36dcebf46.jpg,416,416,awake,177,171,265,282
GOPR0492_MP4-441_jpg.rf.3d074c31991ad8daed7aeed9261d84dc.jpg,416,416,drowsy,136,173,222,310
GOPR0492_MP4-46_jpg.rf.3c84a976c34d383f966145235f3fb911.jpg,416,416,awake,155,167,236,283
GOPR0492_MP4-26_jpg.rf.3bbf91b0cae564a5e0f0bb42fd4c1352.jpg,416,416,drowsy,150,164,262,310
GOPR0492_MP4-531_jpg.rf.3d7300b0b44c0a1c26e53ccba8ee6b24.jpg,416,416,awake,159,175,253,294
GOPR0492_MP4-231_jpg.rf.3d32f07f15c1e33897518a060f738aac.jpg,416,416,drowsy,139,183,265,325
GOPR0492_MP4-373_jpg.rf.3cfe45a53cbedb618033cfafa139d27e.jpg,416,416,awake,171,172,275,293
GOPR0492_MP4-303_jpg.rf.3adc5690ef0f80fdd5aab7d9806ae87c.jpg,416,416,drowsy,141,182,255,307
GOPR0492_MP4-216_jpg.rf.3f830424146e7d69f90bf6e1cd2cea18.jpg,416,416,drowsy,181,168,267,276
GOPR0492_MP4-188_jpg.rf.3a8a45e077674159c1ceb3f9cba55a09.jpg,416,416,awake,175,167,258,285
GOPR0492_MP4-524_jpg.rf.3b3caddaa3c885538b9ab30d83a3ba12.jpg,416,416,awake,142,182,242,293
GOPR0492_MP4-498_jpg.rf.3fe5f7b2c16b8efaf41bee2a193212cb.jpg,416,416,awake,140,182,227,292
GOPR0492_MP4-22_jpg.rf.3f5d3fa1aeff3cfc9c42d2424a1ce978.jpg,416,416,drowsy,150,161,256,305
GOPR0492_MP4-101_jpg.rf.40b997925eb48cb99e3b4c51c8b889db.jpg,416,416,drowsy,197,181,324,324
GOPR0492_MP4-369_jpg.rf.3b5b37f2fa594cc151a2a5c1f658f0f8.jpg,416,416,awake,162,171,247,281
GOPR0492_MP4-120_jpg.rf.3f31dc43faa7e36db6dfe315273e4921.jpg,416,416,awake,153,176,231,277
GOPR0492_MP4-54_jpg.rf.3d4ede7d58e7078c541c4d964712762a.jpg,416,416,drowsy,149,171,250,303
GOPR0492_MP4-87_jpg.rf.4491127d30c7d1bd0b33d8bce8d99382.jpg,416,416,awake,156,168,239,281
GOPR0492_MP4-420_jpg.rf.3bbcbd2abd801daa189e98b7a01d91d7.jpg,416,416,drowsy,148,173,230,293
GOPR0492_MP4-162_jpg.rf.42500a5043242c9cf3c7db9171159981.jpg,416,416,awake,184,156,277,281
GOPR0492_MP4-195_jpg.rf.4585c5b873a6b5a9b43fe30fc5e0dc08.jpg,416,416,drowsy,135,170,236,315
GOPR0492_MP4-299_jpg.rf.43c5df5d95c460cf5252d7c7e0c58348.jpg,416,416,drowsy,134,164,235,303
GOPR0492_MP4-1_jpg.rf.450bca7c90169ccfde9ece2b68cc34d0.jpg,416,416,awake,163,87,282,243
GOPR0492_MP4-308_jpg.rf.44699e188488b469e7c496d83b99b158.jpg,416,416,drowsy,215,175,316,296
GOPR0492_MP4-124_jpg.rf.44a8f9dd556c9453a3d30f4bb978a159.jpg,416,416,awake,153,158,247,272
GOPR0492_MP4-116_jpg.rf.45c93ca90edbbef286794ff8b20635ec.jpg,416,416,drowsy,153,164,260,309
GOPR0492_MP4-227_jpg.rf.40bc008326e028c18ef394d978cfb6c5.jpg,416,416,drowsy,165,162,256,287
GOPR0492_MP4-89_jpg.rf.46041c3e3ca3fac1c8d63c7da50e1a63.jpg,416,416,drowsy,140,158,243,278
GOPR0492_MP4-533_jpg.rf.40b52a4ddd68af4e5b8b0b49509c275e.jpg,416,416,awake,145,171,239,292
GOPR0492_MP4-434_jpg.rf.408ba66a7f172790f81a0747e3184f63.jpg,416,416,awake,153,170,263,285
GOPR0492_MP4-390_jpg.rf.46dabe02270e2fe0caaae3f6b6bd5854.jpg,416,416,awake,126,170,217,285
GOPR0492_MP4-379_jpg.rf.46dcb19ff4c6217351d1bd6f7dc5b877.jpg,416,416,awake,146,167,230,274
GOPR0492_MP4-185_jpg.rf.4772f0253a7d2de74c8d1b391c10d85e.jpg,416,416,awake,165,166,259,285
GOPR0492_MP4-56_jpg.rf.459b2ef0c5d029bb9bd402b3cd180eb5.jpg,416,416,drowsy,155,158,267,310
GOPR0492_MP4-458_jpg.rf.46a1d1b19b9a3d2342b3f2ba2b779420.jpg,416,416,drowsy,162,175,253,281
GOPR0492_MP4-252_jpg.rf.41f0d9fc14c60770ec748f97493fc42b.jpg,416,416,drowsy,159,169,244,300
GOPR0492_MP4-70_jpg.rf.47f0754b7c02de9d34de03df422ea3d9.jpg,416,416,drowsy,145,168,233,279
GOPR0492_MP4-493_jpg.rf.46dfff5afa446bf321288331fe344b6a.jpg,416,416,awake,176,166,271,280
GOPR0492_MP4-399_jpg.rf.479c8d5cd6c1a32adbeead689e60a80d.jpg,416,416,drowsy,171,186,257,302
GOPR0492_MP4-279_jpg.rf.47f781d33cecedce100b5eb6325247f2.jpg,416,416,drowsy,174,174,259,293
GOPR0492_MP4-59_jpg.rf.478a4d36e7fd7548a11575fe9b3b9243.jpg,416,416,drowsy,136,169,261,325
GOPR0492_MP4-419_jpg.rf.450602a5e614f2a238489f15dc9f7828.jpg,416,416,drowsy,157,169,241,292
GOPR0492_MP4-455_jpg.rf.481c76cb394bb49e1923a66ffb173e60.jpg,416,416,awake,156,172,233,273
GOPR0492_MP4-103_jpg.rf.45a6cee9226b89d5ea603e7b90520a09.jpg,416,416,drowsy,226,174,358,320
GOPR0492_MP4-56_jpg.rf.47b6c0d479bc10b7e9a3d04cc91291d3.jpg,416,416,drowsy,159,158,258,304
GOPR0492_MP4-459_jpg.rf.484f5aebcecb915c7a66820662c848fa.jpg,416,416,awake,164,174,257,286
GOPR0492_MP4-29_jpg.rf.4900dcb8405f3dcacc7c59b1d79bbec8.jpg,416,416,drowsy,207,190,327,313
GOPR0492_MP4-220_jpg.rf.4533b0e847bdabfb7f15052df3450d2b.jpg,416,416,drowsy,164,171,258,295
GOPR0492_MP4-371_jpg.rf.49d890a18e1b44ffff8845a4fe78bdcb.jpg,416,416,awake,162,179,238,283
GOPR0492_MP4-27_jpg.rf.48fcdd88a2603bb7bb9ca1e5ec8dcdea.jpg,416,416,drowsy,175,181,295,323
GOPR0492_MP4-476_jpg.rf.496f7ec127030563abf984dd72d74df3.jpg,416,416,awake,190,169,279,280
GOPR0492_MP4-80_jpg.rf.4a3cc7b2519be3e84d8b6997821a34f9.jpg,416,416,awake,196,170,303,308
GOPR0492_MP4-50_jpg.rf.4aee81bac9a065a2d15e4b49a8bba123.jpg,416,416,awake,166,164,255,278
GOPR0492_MP4-147_jpg.rf.49dbad46439fb55ad6aff333fe7c57f4.jpg,416,416,awake,127,164,227,280
GOPR0492_MP4-110_jpg.rf.4a7be8770b7b35cafad81fb96606d77b.jpg,416,416,awake,179,153,284,278
GOPR0492_MP4-75_jpg.rf.488a64090857a65665416dcfdcadd095.jpg,416,416,awake,174,167,257,279
GOPR0492_MP4-235_jpg.rf.4aec1fd5a097c8454e6c8a9648ca4cbe.jpg,416,416,drowsy,169,180,290,320
GOPR0492_MP4-280_jpg.rf.4d01c1d1acfada203b542a7f0dfb3e97.jpg,416,416,drowsy,175,165,270,290
GOPR0492_MP4-474_jpg.rf.4a4c95cbe8220dbfa3b6a158927e7a68.jpg,416,416,awake,170,183,251,280
GOPR0492_MP4-524_jpg.rf.4b5ca524ccdc0732624ccafd72c9b1c3.jpg,416,416,awake,159,168,267,285
GOPR0492_MP4-458_jpg.rf.4b43c9ec038ad98c9ecc00da4ae00fce.jpg,416,416,drowsy,174,170,268,280
GOPR0492_MP4-89_jpg.rf.4cf6a949d9d62c3941c51e730e3af787.jpg,416,416,drowsy,169,174,270,297
GOPR0492_MP4-437_jpg.rf.4dabb01fa9be71965cfed5012bcdfb9f.jpg,416,416,awake,170,177,268,284
GOPR0492_MP4-63_jpg.rf.4b56a08d6fdf72d4caa6225119098b8a.jpg,416,416,drowsy,104,169,225,307
GOPR0492_MP4-225_jpg.rf.4bc5feafd0e63da724f3108331a02cef.jpg,416,416,awake,155,165,240,285
GOPR0492_MP4-242_jpg.rf.4ee9c6f07246b5acdaf8ae76efad99a6.jpg,416,416,drowsy,140,155,254,308
GOPR0492_MP4-511_jpg.rf.4e62f4295ba8cd59d56a61e5acc68d83.jpg,416,416,awake,163,167,254,278
GOPR0492_MP4-403_jpg.rf.4c14fd7b7876d1cbb7fe992d16dc21ce.jpg,416,416,drowsy,152,178,236,305
GOPR0492_MP4-449_jpg.rf.4e7e40f66ef740249a81f63570f9776d.jpg,416,416,awake,148,152,245,270
GOPR0492_MP4-305_jpg.rf.4dd0c2e2cc76bf6ca90131a5bcc622da.jpg,416,416,drowsy,163,197,277,320
GOPR0492_MP4-149_jpg.rf.4faa70812d5b4da2d6808e6dc28e4bbf.jpg,416,416,drowsy,167,186,251,309
GOPR0492_MP4-359_jpg.rf.50e6679a5616d546a9534750b1b20096.jpg,416,416,drowsy,134,186,232,295
GOPR0492_MP4-412_jpg.rf.4f644e8b0255a9b93cdf9abe0666c742.jpg,416,416,awake,141,177,243,285
GOPR0492_MP4-296_jpg.rf.4f6a0d11dd5df4207292a82b5ce399c0.jpg,416,416,drowsy,171,165,279,312
GOPR0492_MP4-123_jpg.rf.4f04e6690c38826a22370f00602ada23.jpg,416,416,awake,151,163,255,276
GOPR0492_MP4-305_jpg.rf.4e29e673d0ebca7c733f59a6c5fd28b0.jpg,416,416,drowsy,150,197,259,320
GOPR0492_MP4-433_jpg.rf.5053784a8a50227634fcf63212b011aa.jpg,416,416,awake,132,172,228,283
GOPR0492_MP4-95_jpg.rf.50ce0ec2ddf0c785c5cfe4e2d789bd20.jpg,416,416,awake,165,178,258,301
GOPR0492_MP4-410_jpg.rf.5114d63268615315ee9edf8704066afa.jpg,416,416,awake,152,173,231,273
GOPR0492_MP4-136_jpg.rf.4f048eb6a601d6caccfd7226e2b14251.jpg,416,416,awake,160,174,230,270
GOPR0492_MP4-141_jpg.rf.51c18cc85849ac780e5f42c83397dad4.jpg,416,416,awake,164,174,257,284
GOPR0492_MP4-275_jpg.rf.506b2eefd05439583c743cdbcc28baa9.jpg,416,416,drowsy,153,172,233,292
GOPR0492_MP4-423_jpg.rf.5255e17344360d7738eacdd7ed6c1dd4.jpg,416,416,awake,142,173,224,289
GOPR0492_MP4-321_jpg.rf.5268919155048e80459bb7d69265e18d.jpg,416,416,drowsy,152,172,237,277
GOPR0492_MP4-478_jpg.rf.5286abdcb87a89c1e16f1a6231e299bb.jpg,416,416,awake,196,179,284,279
GOPR0492_MP4-267_jpg.rf.52a3b7ebc9c8e0d834cbee8da013785d.jpg,416,416,awake,176,175,260,295
GOPR0492_MP4-407_jpg.rf.54b66f274033366daedfb4855cf7f87b.jpg,416,416,awake,140,174,237,281
GOPR0492_MP4-75_jpg.rf.5669bcefe6e75e876dfbec39985d8695.jpg,416,416,awake,187,178,273,294
GOPR0492_MP4-262_jpg.rf.554425b250b5b999028ecdad552c8c70.jpg,416,416,drowsy,155,166,254,294
GOPR0492_MP4-154_jpg.rf.510922bc81d85b740aee0018b45d768c.jpg,416,416,drowsy,170,164,255,300
GOPR0492_MP4-221_jpg.rf.52e4bfea33957e5a7d9fe6f9fd5a025e.jpg,416,416,awake,159,165,248,280
GOPR0492_MP4-251_jpg.rf.5532873ddabe189d49cddc65b63378c2.jpg,416,416,drowsy,141,167,234,307
GOPR0492_MP4-187_jpg.rf.5328e8937dd8b35f171cfaf158603f28.jpg,416,416,awake,175,164,269,279
GOPR0492_MP4-339_jpg.rf.2bff1a316501c112bd9d1b6577e7ab31.jpg,416,416,awake,188,163,277,277
GOPR0492_MP4-332_jpg.rf.53d9439d60863681e05ee3c7c1a66c9e.jpg,416,416,awake,140,166,236,291
GOPR0492_MP4-116_jpg.rf.55201d5205d5641c633420efc9c30636.jpg,416,416,drowsy,132,155,237,297
GOPR0492_MP4-156_jpg.rf.559ec7aac835b9ea2559d2c07ded3ab1.jpg,416,416,drowsy,176,171,285,318
GOPR0492_MP4-120_jpg.rf.566c65ffd3477e4b3e3bb0da91dd6ce2.jpg,416,416,awake,145,164,231,273
GOPR0492_MP4-312_jpg.rf.5309f04500329e4403ab808724db04cb.jpg,416,416,drowsy,179,183,257,275
GOPR0492_MP4-194_jpg.rf.5670518dc091fb3c3e4c7dd15a956c07.jpg,416,416,drowsy,157,165,261,319
GOPR0492_MP4-163_jpg.rf.562946ea38cc6487d270cfb9785b6646.jpg,416,416,awake,165,157,242,262
GOPR0492_MP4-40_jpg.rf.559f8cb1bbd9698e0c8adce34da423bd.jpg,416,416,awake,162,170,241,279
GOPR0492_MP4-526_jpg.rf.52e6cee2eeff679419e103f7d68c57f7.jpg,416,416,awake,135,181,234,294
GOPR0492_MP4-102_jpg.rf.5917a9808655b0a1844e4c388df312b8.jpg,416,416,drowsy,214,152,354,313
GOPR0492_MP4-405_jpg.rf.583b04c5f2970a345d1296e7551ff4d9.jpg,416,416,awake,132,164,223,287
GOPR0492_MP4-202_jpg.rf.585ce8d64feb9c40c2b7046b712ec942.jpg,416,416,awake,136,176,218,287
GOPR0492_MP4-363_jpg.rf.59d6f60246a0f97bc7c0b0b7f67bad32.jpg,416,416,awake,149,170,241,276
GOPR0492_MP4-163_jpg.rf.594b7c1c9f6d74fd99d9884451af3b11.jpg,416,416,awake,173,165,244,262
GOPR0492_MP4-275_jpg.rf.59874d60c08f7de2a3ea4f591627507c.jpg,416,416,drowsy,163,178,244,303
GOPR0492_MP4-474_jpg.rf.597771e027ca8fbef10f382a4cb4268b.jpg,416,416,awake,152,179,233,275
GOPR0492_MP4-38_jpg.rf.57430d6a20b3e954d4a445caeba93c6f.jpg,416,416,awake,165,164,255,279
GOPR0492_MP4-281_jpg.rf.58f57840f3df5c72a0249a7ab05fab80.jpg,416,416,drowsy,146,162,246,294
GOPR0492_MP4-255_jpg.rf.582de0e24427b4e8ee549c8f460e10eb.jpg,416,416,drowsy,161,175,240,295
GOPR0492_MP4-345_jpg.rf.5ae0328fc9cfdb4ec5ce501ffeccdb07.jpg,416,416,awake,165,177,268,294
GOPR0492_MP4-33_jpg.rf.5a321cbafa6499602be312595c6ce3c0.jpg,416,416,awake,164,172,243,280
GOPR0492_MP4-245_jpg.rf.58d509f06224b6be1c213040ba2d9bb9.jpg,416,416,drowsy,118,144,246,312
GOPR0492_MP4-239_jpg.rf.5700bf925f5dfd3ce8c16fb20314bdbf.jpg,416,416,drowsy,205,177,335,317
GOPR0492_MP4-103_jpg.rf.5a54d299c000a2228f62098b90e49d98.jpg,416,416,drowsy,237,158,378,309
GOPR0492_MP4-234_jpg.rf.5c42412fdae718c087097bf4bc23b12e.jpg,416,416,drowsy,131,174,244,317
GOPR0492_MP4-68_jpg.rf.5b3142c24a5cb01434b94c4fd0e7d31f.jpg,416,416,drowsy,127,188,214,289
GOPR0492_MP4-188_jpg.rf.5ef373ec2998b25698d517b421244693.jpg,416,416,awake,158,155,250,279
GOPR0492_MP4-168_jpg.rf.5d5761be289f91085aa568c445c9fe2d.jpg,416,416,awake,160,165,239,281
GOPR0492_MP4-427_jpg.rf.5b65344210a31e5b1c3bc66b5a7e73e3.jpg,416,416,awake,149,165,246,280
GOPR0492_MP4-239_jpg.rf.575c2f02c323b1d3797e9c18f21a9524.jpg,416,416,drowsy,209,184,322,308
GOPR0492_MP4-293_jpg.rf.5a66a5144bcc28458f4ecfb14c8efbc0.jpg,416,416,drowsy,152,159,244,298
GOPR0492_MP4-275_jpg.rf.5da2d552c4213f434b76a1cff2226718.jpg,416,416,drowsy,139,174,241,314
GOPR0492_MP4-70_jpg.rf.5d3e9e5f7a9d3073a349596ddc3bcc62.jpg,416,416,drowsy,143,166,239,283
GOPR0492_MP4-320_jpg.rf.5d6d6da0f9a792a8ea995d1c4d4f9e0f.jpg,416,416,drowsy,155,181,236,280
GOPR0492_MP4-317_jpg.rf.5c56976a64a4f48d3e097782353cde27.jpg,416,416,drowsy,149,176,233,276
GOPR0492_MP4-15_jpg.rf.5f248f39e156874e4e8d3f8cd8b25a24.jpg,416,416,awake,166,166,255,285
GOPR0492_MP4-484_jpg.rf.5e90b60d5836f7289aaf8d7476456efb.jpg,416,416,awake,164,168,248,272
GOPR0492_MP4-345_jpg.rf.5beabdca4744d0c0bfcb46259012cde0.jpg,416,416,awake,149,167,249,281
GOPR0492_MP4-19_jpg.rf.5fade6b93c3d58dc7962ed4b27709e2a.jpg,416,416,awake,161,170,240,281
GOPR0492_MP4-51_jpg.rf.5e1f19e6b1462826b6bc0fe4eb6d2561.jpg,416,416,awake,128,159,220,274
GOPR0492_MP4-463_jpg.rf.613400024bdcc6503c38cf35b13c90e9.jpg,416,416,awake,174,174,250,271
GOPR0492_MP4-413_jpg.rf.60b3110f1e1036489ec8647aa05bed77.jpg,416,416,awake,143,175,234,273
GOPR0492_MP4-247_jpg.rf.5d5e407d50ba941c716d6aec094aa5e4.jpg,416,416,drowsy,131,165,235,296
GOPR0492_MP4-407_jpg.rf.5f35c06d305d1e0351a266d7d2d91564.jpg,416,416,awake,159,173,256,284
GOPR0492_MP4-488_jpg.rf.5d97c6b6695ff945c5b417c4b3d8ae03.jpg,416,416,awake,190,185,266,271
GOPR0492_MP4-466_jpg.rf.5feb7cfd6632bcf5a014141f95ff879c.jpg,416,416,awake,151,185,238,297
GOPR0492_MP4-102_jpg.rf.610dd0fec2a8f4910c650f2daed34763.jpg,416,416,drowsy,209,174,345,323
GOPR0492_MP4-144_jpg.rf.5ed4c83e8c5b2d56e713000cc6b4badc.jpg,416,416,awake,160,185,241,285
GOPR0492_MP4-338_jpg.rf.623b6c7d78bcc95e4ecc3939cce555e9.jpg,416,416,awake,188,171,280,280
GOPR0492_MP4-73_jpg.rf.615a1095a84dd4619423f44eeebc4eec.jpg,416,416,awake,172,164,256,271
GOPR0492_MP4-102_jpg.rf.6039da34e42efe5eef23335a7ae2a854.jpg,416,416,drowsy,212,165,343,317
GOPR0492_MP4-67_jpg.rf.60b7b1567d91032a65dadc6dc7bc7532.jpg,416,416,drowsy,130,195,218,298
GOPR0492_MP4-189_jpg.rf.62e0f933dde7e9f5ad1f4fb48409c475.jpg,416,416,drowsy,170,173,246,275
GOPR0492_MP4-338_jpg.rf.63d3fac5e992a1f6000718006c62bf58.jpg,416,416,awake,188,177,276,284
GOPR0492_MP4-79_jpg.rf.63bd32a4971a95b65e0783c97d926978.jpg,416,416,awake,196,183,314,324
GOPR0492_MP4-251_jpg.rf.6285320e4f3f80a050659d8fef6f1a3c.jpg,416,416,drowsy,155,160,246,299
GOPR0492_MP4-508_jpg.rf.640583acf4d0475d2f9c4918823891c0.jpg,416,416,awake,179,185,263,280
GOPR0492_MP4-266_jpg.rf.64b4752fffd9e925faea44aaba60539c.jpg,416,416,awake,172,170,258,290
GOPR0492_MP4-165_jpg.rf.63dad4f03456fb9764dc3ea55fee5f9a.jpg,416,416,drowsy,156,174,244,287
GOPR0492_MP4-300_jpg.rf.63b421f1622bb05019c0a8f36621da42.jpg,416,416,drowsy,113,182,230,317
GOPR0492_MP4-366_jpg.rf.617987c18fbecf8767c2559bc4444af3.jpg,416,416,drowsy,126,169,234,284
GOPR0492_MP4-174_jpg.rf.6319245744ac8511bee26d1ef1ba686c.jpg,416,416,awake,142,170,247,288
GOPR0492_MP4-448_jpg.rf.647f6693be05e5b5f2ff1c246d1a2fe9.jpg,416,416,drowsy,151,166,242,281
GOPR0492_MP4-164_jpg.rf.644dbc673bf4076479f29bc0f2ba731d.jpg,416,416,awake,161,164,250,269
GOPR0492_MP4-520_jpg.rf.63d37a6c1c72b083f9f63631c5fb4f2c.jpg,416,416,drowsy,181,152,272,285
GOPR0492_MP4-412_jpg.rf.664841b22f052d2dc930f833170476cb.jpg,416,416,awake,138,181,234,282
GOPR0492_MP4-183_jpg.rf.647396c870f3f69442764dade8a1fe72.jpg,416,416,awake,150,171,233,277
GOPR0492_MP4-408_jpg.rf.6647f71dd720cc40751c40772fc7e0d6.jpg,416,416,awake,164,173,237,274
GOPR0492_MP4-210_jpg.rf.6143156a12ef995b5c450c9a5d927c97.jpg,416,416,awake,163,159,250,276
GOPR0492_MP4-252_jpg.rf.65021a98936deec801c87df28a46cb12.jpg,416,416,drowsy,158,167,247,308
GOPR0492_MP4-480_jpg.rf.66b88f8a20d0a117c9fabcad20f4a0b3.jpg,416,416,awake,204,187,285,282
GOPR0492_MP4-16_jpg.rf.67c3c75c0905e52b31c5dbe5035e6eab.jpg,416,416,drowsy,132,171,216,287
GOPR0492_MP4-423_jpg.rf.691d51d0e735df6c4fb7b1d36af1351e.jpg,416,416,awake,164,159,251,281
GOPR0492_MP4-215_jpg.rf.6403b10ed136e30af4efcf19719a32fe.jpg,416,416,awake,175,172,254,276
GOPR0492_MP4-410_jpg.rf.673a312dd242f00ee66af0c58ba3b5d5.jpg,416,416,awake,146,175,227,275
GOPR0492_MP4-450_jpg.rf.675e8f32c994b8d5841be20a1956f6c8.jpg,416,416,awake,158,170,239,276
GOPR0492_MP4-492_jpg.rf.67af129c3afb3042a57e77dcdd13e8b6.jpg,416,416,awake,186,167,277,278
GOPR0492_MP4-30_jpg.rf.68684dc5e7e4940551f9f7227aa4ab16.jpg,416,416,drowsy,191,171,300,305
GOPR0492_MP4-97_jpg.rf.69ced43c1992f1b4c99833d9f28995ce.jpg,416,416,awake,178,162,265,282
GOPR0492_MP4-32_jpg.rf.6635e316cd0f6ef554e9e1d81f8cdedf.jpg,416,416,awake,156,172,237,282
GOPR0492_MP4-208_jpg.rf.68ec660bd3425c6696dec33a4f852861.jpg,416,416,awake,144,164,228,276
GOPR0492_MP4-333_jpg.rf.6863d42b917771f627aaa5b4c18ec012.jpg,416,416,awake,163,180,258,302
GOPR0492_MP4-25_jpg.rf.66d383f6e5ba0cc7e20787d7880a1877.jpg,416,416,drowsy,156,168,270,314
GOPR0492_MP4-82_jpg.rf.631293f2cc87b82e432395c7393a15dd.jpg,416,416,drowsy,73,154,191,307
GOPR0492_MP4-342_jpg.rf.69fb8493b735ef03af72cda5ff03851b.jpg,416,416,awake,151,159,247,274
GOPR0492_MP4-296_jpg.rf.6878729e7b02363ed387850fed6dc612.jpg,416,416,drowsy,177,175,264,311
GOPR0492_MP4-242_jpg.rf.6845ed9dc3efcc5414454e12d5f30430.jpg,416,416,drowsy,170,174,273,325
GOPR0492_MP4-377_jpg.rf.69af68ef5f5f9899b38fc4e29dcf3ce8.jpg,416,416,awake,154,180,236,291
GOPR0492_MP4-125_jpg.rf.6807be35c85f06021d9fe873478a091f.jpg,416,416,awake,163,176,255,288
GOPR0492_MP4-106_jpg.rf.69cfa3bd9138f9faf626410ed8502f73.jpg,416,416,awake,181,164,291,303
GOPR0492_MP4-390_jpg.rf.2e345d4d412caf4fcd78b5260699625f.jpg,416,416,awake,138,170,233,286
GOPR0492_MP4-469_jpg.rf.60ecf22b50ca5f07e0974c4bb3ccff84.jpg,416,416,awake,139,171,220,270